row_num,funder,recipient,amount_usd,date,citation
1,AI Fund,Credo AI,"",2024-07-30,"The investment came from CrimsoNox Capital, Mozilla Ventures, and FPV Ventures, with existing investors Sands Capital, Decibel VC, Booz Allen Hamilton, and AI Fund also participating."
2,AI Fund,Workera,16000000.00,2021-08-27,"8/27/2021 Venture Equity Series A $16,000,000"
3,AI Fund,Workera,9658261.00,2020-12-10,"AI Fund, located in Palo Alto (United States), made their first investment in Workera on Dec 10, 2020 in its Seed round."
4,AI Fund,Workera,23500000.00,2023-03-23,"Workera.ai secured a $23.5 million Series B venture capital round on 3/23/2023. Investors included Jump Capital, AI Fund and New Enterprise Associates."
5,AI Risk Mitigation Fund,David Krueger,200000.00,"","David Krueger University of Cambridge Building research capacity Start-up funds for computing resources for a deep learning and AI alignment research group at the University of Cambridge $200,000"
6,AI Risk Mitigation Fund,Marius Hobbhahn,30103.00,"","Marius Hobbhahn International Max Planck Research School for Intelligent Systems Technical research 9-month stipend for independent research on AI safety parallel to their PhD $30,103"
7,AI Security Institute,Computational Rational Agents Laboratory (CORAL),"","","We thank the Advanced Research+Invention Agency, Coefficient Giving, the Survival and Flourishing Fund and the AI Security Institute for their ongoing support."
8,Alexandr Wang,Sakana AI,"",2024-01-01,"We are honored to invest alongside other US investors Lux Capital and Khosla Ventures and prominent angels in the AI space including Jeff Dean(Google), Clement Delangue(Hugging Face), and Alexandr Wang(Scale AI)."
9,Alphabet,Safe Superintelligence Inc.,"",2025-04-11,"Series B Apr 11, 2025 $2.0B Valuation: $32.0B Greenoaks Capital Partners (Lead) Andreessen Horowitz Lightspeed Venture Partners DST Global Alphabet NVIDIA"
10,Alphabet Inc.,Anthropic,40000000000.00,2026-04-01,"Google parent Alphabet has announced plans to invest $40 billion in AI company Anthropic, a significant investment in the AI industry. The investment will be made at a $350 billion valuation, with another $30 billion to follow if Anthropic hits specific performance milestones."
11,Amazon,Agility Robotics,"","","Amazon, an investor and partner of Agility Robotics, is one of the companies using Digit in its warehouses to automate repetitive tasks."
12,Amazon,Anthropic,8000000000.00,"",Il colosso dell'e-commerce ha già investito 8 miliardi nella società di AI dei fratelli Amodei.
13,Amazon,Anthropic,"","","Anthropic, which private investors valued at $380 billion in February 2026, has partnerships with Google's parent company Alphabet and Amazon."
14,Amazon,Anthropic,5000000000.00,2026-01-01,The company will invest an initial US$5 billion into Anthropic as part of the latest phase of collaboration between the two firms.
15,Amazon,Atlas Computing,75000.00,2026-02-01,"$ 75,000 USD since Feb 2026"
16,Amazon,Kyunghyun Cho,"",2021-01-01,Amazon (Amazon Research Awards (ARA) 2021)
17,Amazon,NVIDIA,25000000.00,"","Today marks the beginning of a 10-year research collaboration between Amazon, the University of Washington, the University of Tsukuba, and NVIDIA. Our $25 million investment is part of a $110 million strategic initiative"
18,Amazon,NoHarm,"","","With grants from companies like Google and Amazon, the goal is for NoHarm to one day be adapted into different health care environments, as well as in health systems across the world."
19,Amazon,OpenAI,50000000000.00,2026-02-01,"Amazon invested $50 billion, Nvidia invested $30 billion and SoftBank invested $30 billion in the round, OpenAI said Friday."
20,Amazon,University of Washington,25000000.00,"","Today marks the beginning of a 10-year research collaboration between Amazon, the University of Washington, the University of Tsukuba, and NVIDIA. Our $25 million investment is part of a $110 million strategic initiative"
21,American University,Gwanhoo Lee,"","","Dr. Lee is a recipient of European Union's Erasmus Mundus Scholarship, UPS Scholarship, Kogod Endowed Fellowship"
22,Andrej Karpathy,Conjecture,"",2022-01-01,"We have VC backing from, among others, Nat Friedman, Daniel Gross, Patrick and John Collison, Arthur Breitman, Andrej Karpathy, and Sam Bankman-Fried."
23,Anthropic,American Federation of Teachers,"",2023-01-01,"the American Federation of Teachers announced an AI training hub for educators, backed by $23 million from Microsoft, OpenAI, and Anthropic."
24,Anthropic,UK AI Security Institute,"",2025-07-01,"The AI Alignment Project has already seen significant support from major firms in the industry, notably Anthropic, which backed the scheme at its launch in July last year."
25,Arm,Carnegie Mellon University,15500000.00,2025-05-15,"Carnegie Mellon University (CMU), Arm (NASDAQ:ARM) and SoftBank Group Corp. (SBG) today announced that Arm and SBG will contribute USD 15.5 million to CMU to support its partnership with Keio University (Keio), a collaboration to accelerate the global advancement of AI."
26,Arm,University of Cambridge,4375000.00,2024-11-20,Computer technology company Arm donates £3.5 million to fund the computer architecture research leaders of tomorrow
27,Arthur Breitman,Conjecture,"",2022-01-01,"We have VC backing from, among others, Nat Friedman, Daniel Gross, Patrick and John Collison, Arthur Breitman, Andrej Karpathy, and Sam Bankman-Fried."
28,Ashgro Inc,Neuronpedia,"","",Neuronpedia is built and operated by Decode Research and is fiscally sponsored by Ashgro Inc.
29,Association for the Advancement of Artificial Intelligence (AAAI),Association for Computing Machinery,"","",Association for Computing Machinery | Furthe
30,Astralis Foundation,Safe AI Forum,"","","For example, we supported the Safe AI Forum in running the International Dialogues on AI Safety, now in its fourth session."
31,Ben Horowitz,Leading the Future,25000000.00,2026-01-01,"Venture capitalists Marc Andreessen and Ben Horowitz have donated $25 million to the pro-artificial intelligence super political action committee, Leading the Future, which now has over $51 million on hand."
32,Berggruen Institute,Harvard University,335000.00,2018-12-01,"Harvard University Harvard Ethics 2018-12 $335,000"
33,Bill Gates,Inflection AI,"","","Suleyman and LinkedIn co-founder Reid Hoffman founded Inflection AI, a start-up backed by Microsoft and several prominent tech industry billionaires such as Bill Gates and former Google chief executive Eric Schmidt."
34,Bill Gates,KoBold Metals,"","","KOBOLD Metals, the exploration firm backed by Silicon Valley heavyweights Bill Gates and Jeff Bezos, is developing the $2bn Mingomba, a 300,000-tons-a-year copper project in Zambia."
35,Bill Gates,University of Washington,12000000.00,"",Microsoft Chairman Bill Gates gave $12 million to establish a new Department of Molecular Biotechnology in the School of Medicine and to recruit Professor Leroy Hood from Caltech to head that department.
36,BlackRock,Mobileye,"",2013-07-07,"BlackRock, located in New York City (United States), made their first investment in Mobileye on Jul 07, 2013 in its PE round."
37,BlueDot Impact,Compassion in Machine Learning (CaML),"","",Funded by: Survival & Flourishing Fund· Marcus Abramovitch· Ryan Kidd· BlueDot Impact· Simon Newstead· Juliana Seawell· Alex Kastner· Macroscopic Ventures· and many anonymous donors
38,Carnegie Corporation of New York,Federation of American Scientists,500000.00,2025-11-06,"The Federation of American Scientists (FAS) has received a $500,000 grant to analyze the capabilities of emerging and disruptive technologies (EDTs) to track and trail mobile nuclear launch platforms—particularly land-based mobile missile forces and sea-based systems. The grant comes from the Carnegie Corporation of New York (CCNY) to investigate, alongside The British American Security Information Council (BASIC), the associated impact on nuclear stability."
39,Carnegie Corporation of New York,Ganesh Sitaraman,200000.00,2018-01-01,"2018 | Ganesh Sitaraman | $200,000 | Andrew Carnegie Fellows"
40,Carnegie Corporation of New York,Joy Buolamwini,50000.00,2017-01-01,"Media Lab graduate student selected from over 7,300 entrants, awarded $50,000 scholarship in contest inspired by the film 'Hidden Figures.'"
41,Carnegie Corporation of New York,Nathaniel Persily,200000.00,"","Nathaniel Persily, JD '98, James B. McClatchy Professor of Law, recently received an Andrew Carnegie Fellowship. The program, created last year by the Carnegie Corporation of New York, awards up to $200,000 grants to scholars conducting social science and humanities research on challenges to democracy and the international order."
42,Carnegie Corporation of New York,Rediet Abebe,200000.00,2022-01-01,"Rediet Abebe, a UC Berkeley assistant professor of computer science, will be a member of the 2022 class of Andrew Carnegie Fellows, the Carnegie Corporation of New York announced April 26. Abebe is one of 28 scholars, journalists and authors to receive the honor and a $200,000 stipend to support their work addressing significant societal challenges from climate change to political polarization."
43,Carnegie Corporation of New York,Zeynep Tufekci,200000.00,2015-01-01,"The new annual fellowship program provides up to a $200,000 award to junior, emerging, or senior scholars, journalists, and public intellectuals in the humanities and social sciences who are pursuing research on the challenges facing U.S. democracy and international order in the next 25 years."
44,Cisco Investments,Mistral AI,"",2024-06-01,"As part of the new AI fund, Cisco is making strategic investments in Cohere, Mistral AI and Scale AI among others to advance customers' AI readiness and complement Cisco's AI innovation strategy."
45,Cisco Investments,Scale AI,"",2024-06-01,"As part of the new AI fund, Cisco is making strategic investments in Cohere, Mistral AI and Scale AI among others to advance customers' AI readiness and complement Cisco's AI innovation strategy."
46,Club For Growth Action,Ted Budd,3000000.00,2021-01-01,"Now one of Budd's biggest political backers is spending $3 million to make sure Republicans in the state are aware of Trump's endorsement. Club For Growth Action, which backed Budd in his first congressional bid in 2016 and has lined up behind his Senate campaign, will run a television ad promoting Trump's endorsement for the next eight weeks"
47,Cooperative AI,Rachel Freedman,"",2024-01-01,"Rachel Freedman, PhD Student, has been selected as one of the fellows for Cooperative AI's PhD Fellow Program. The Cooperative AI PhD Fellowship is designed to provide future and current PhD students in the field of cooperative AI financial support to achieve their full potential."
48,Cooperative AI Foundation,Vincent Conitzer,500000.00,2021-01-01,"Vincent Conitzer USD 500,000 2021-2025 Carnegie Mellon University This grant supports the establishment of the new research lab FOCAL, which aims to lay the foundations of decision and game theory that is relevant for increasing the ability of advanced machine agents to cooperate."
49,Court Watch NOLA,University of Pennsylvania,30000.00,2022-06-01,"University of Pennsylvania (Penn) | General Support | 2022-06 | $30,000"
50,Craig Newmark Philanthropies,Center for Long-Term Cybersecurity,"",2024-09-01,"Craig Newmark Philanthropies (CNP), the grantmaking organization launched by the founder of craigslist, has renewed its support for UC Berkeley's Public Interest Cybersecurity Program, housed at the UC Berkeley Center for Long-Term Cybersecurity (CLTC)."
51,Craig Newmark Philanthropies,Data & Society,"",2021-01-01,"Data & Society is pleased to announce generous new support from Craig Newmark Philanthropies, which will enable us to deepen our research and engagement in the field of technology and data with the goal of building towards more resilient, less vulnerable information ecosystems."
52,Craig Newmark Philanthropies,Electronic Frontier Foundation,300000.00,"","The Electronic Frontier Foundation (EFF) is proud to announce its latest grant from Craig Newmark Philanthropies: $300,000 to help protect journalists and fight consumer spyware."
53,Craig Newmark Philanthropies,Electronic Frontier Foundation,250000.00,2022-01-01,"EFF has received a $250,000 grant from Craig Newmark Philanthropies to support its programs to teach and protect journalists, advocate against abusive ""stalkerware"" technology, and maintain its cybersecurity Threat Lab. This grant, for work to be conducted through April 2023, is the latest in a series of grants made to EFF by the Craig Newmark Philanthropies"
54,DARPA,AE Studio,"","",AICRAFT (Artificial Intelligence Control Research Amplification & Framework for Talent) is a DARPA-funded seedling project executed by AE Studio.
55,DARPA,Ellie Pavlick,"",2024-01-01,Ellie Pavlick receives DARPA's Young Faculty Award for work on interpretability and its applications to AI safety
56,DARPA,Sandy Pentland,"","",Interesting experiences include winning the DARPA 40th Anniversary of the Internet Grand Challenge
57,DARPA,Sebastian Thrun,"",2001-01-01,"DARPA Distinguished Contractor Award, 2001."
58,DARPA,Swati Gupta,"","",Dr. Gupta's research is partially funded by the NSF and DARPA.
59,DARPA,Trail of Bits,1000000.00,2024-01-01,We're excited to share that Trail of Bits has been selected as one of the seven exclusive teams to participate in the small business track for DARPA's AI Cyber Challenge (AIxCC). Our team will receive a $1 million award to create a Cyber Reasoning System (CRS) and compete in the AIxCC Semifinal Competition later this summer.
60,DST Global,ByteDance,10000000.00,2013-09-01,Sep 2013 DST Global SIG China $10.0m Series B
61,Daniel Gross,Conjecture,"",2022-01-01,"We have VC backing from, among others, Nat Friedman, Daniel Gross, Patrick and John Collison, Arthur Breitman, Andrej Karpathy, and Sam Bankman-Fried."
62,Daniel Gross,Leopold Aschenbrenner,"","","I recently founded an investment firm focused on AGI, with anchor investments from Patrick Collison, John Collison, Nat Friedman, and Daniel Gross."
63,Dawn Drescher,Center on Long-Term Risk,17318.00,"",Center on Long-Term Risk | about 10 years ago | over 7 years ago | $17.318
64,Dawn Drescher,Rethink Priorities,4010.00,"",Rethink Priorities | over 4 years ago | over 4 years ago | $4.010
65,DeepMind,University of Cambridge,"",2019-09-01,"Following an international search, Professor Neil Lawrence has been appointed as the inaugural DeepMind Professor of Machine Learning at Cambridge, supported by a benefaction from the world-leading British AI company."
66,Department of Defense,"Anduril Industries, Inc.",14300000.00,2025-01-01,"The Department of Defense announced today a $14.3 million award to Anduril Industries, Inc. (Anduril) in Costa Mesa, California, via Title III of the Defense Production Act (DPA)."
67,Department of Defense,Scott Strobel,4400000.00,2009-01-01,"Strobel, the Henry Ford II Professor of Molecular Biophysics and Biochemistry and professor of chemistry, has requested $4.4 million from the highly competitive DOD fellow's competition to pursue the goal of creating diesel fuel from fungi."
68,Department of Homeland Security,CISA,374900000.00,2023-08-01,That's why we are excited to announce another $374.9 million being available as part of Year 2 of the State and Local Cybersecurity Grant Program (SLCGP).
69,Department of Homeland Security,CISA,91700000.00,2025-01-01,DHS Announces $91.7 million in Grant Funding for the Fiscal year 2025 State and Local Cybersecurity Grant Program
70,Donald Trump,Pam Bondi,500.00,2013-01-01,Trump also made a $500 donation to Bondi's campaign committee in 2013.
71,EA Infrastructure Fund,"80,000 Hours","",2019-01-01,"EA Infrastructure Fund | 2020, 2019"
72,Effective Ventures,Computational Rational Agents Laboratory (CORAL),"","",We thank Effective Ventures for their support in the past.
73,Electronic Frontier Foundation,Cindy Cohn,360000.00,"","According to the latest IRS records on file, the EFF lost $1,201,175, but that needn't bother Cindy Cohn because she still made close to 30,000 dollars a month, not per year, which means she's already a millionaire."
74,Elon Musk,DeepMind,"","","Founders Fund, the group established by venture capitalist Peter Thiel, and a trust led by Tesla motor founder Elon Musk are both small investors in the venture along with Yahoo's Nick D'Aloisio and Skype co-developer Jaan Tallinn."
75,Elon Musk,Future of Life Institute,7000000.00,2015-01-01,"The Boston-based Future of Life Institute (FLI) announced the selection of 37 research teams around the world to which it plans to award about $7 million from Elon Musk and the Open Philanthropy Project as part of a first-of-its-kind grant program dedicated to ""keeping AI robust and beneficial""."
76,Elon Musk,Khan Academy,5000000.00,"","Elon Musk donated $5 million to Khan Academy, strengthening one of the most widely used free education platforms in the world."
77,Elon Musk,OpenAI,38000000.00,2016-01-01,"In recent court filings, Musk's lawyers said the Tesla CEO forked over $38 million to the ChatGPT maker over the years, making him one of the company's most significant early funders."
78,Eric Gastfriend,Americans for Responsible Innovation,"","","ARI is supported by organizations including Inclusive Abundance Action, Omidyar Network, and Coefficient Giving and by individual donors including Brad Carson & Julie Carson, Eric Gastfriend & Caroline Mehl, and Steve Newman."
79,Eric Schmidt,FutureHouse,"",2023-01-01,"Future House is a non-profit AI research organization based in San Francisco, co-founded in late 2023 by Sam Rodriques and Andrew White with backing from former Google CEO Eric Schmidt."
80,Eric Schmidt,Inflection AI,"","","Suleyman and LinkedIn co-founder Reid Hoffman founded Inflection AI, a start-up backed by Microsoft and several prominent tech industry billionaires such as Bill Gates and former Google chief executive Eric Schmidt."
81,Eric Schmidt,OpenAI,10000000.00,2023-01-01,"In partnership with Eric Schmidt, we are launching a $10M grants program to support t"
82,European Commission,Centre pour la Sécurité de l'IA (CeSIA),"","","Our activities are funded by the European Commission, France's top research school ENS, the UK's AI Security Institute, as well as european and british philanthropic organizations, and individual donors."
83,European Commission,Jaime Sevilla,"",2020-01-01,Working as a PhD student on explainable Artificial Intelligence under a Marie Skłodowska-Curie grant from the European Commission.
84,European Commission,Philipp Hennig,"","","Hennig's research was supported, among others, by the Emmy Noether Programme of the German Research Union (DFG), an independent Research Group of the Max Planck Society, and Starting and Consolidator grants of the European Commission."
85,European Union,Gwanhoo Lee,"","","Dr. Lee is a recipient of European Union's Erasmus Mundus Scholarship, UPS Scholarship, Kogod Endowed Fellowship"
86,Ford Foundation,ACLU,7000000.00,1999-06-28,"In a display of substantial confidence in and dedication to key areas of the American Civil Liberties Union's program, the Ford Foundation has contributed $7 million to its endowment fund, the Trust for the Bill of Rights, the largest gift the ACLU has received to date."
87,Ford Foundation,AI Now Institute Inc,1015000.00,2025-09-01,"General support and project support for institutional strengthening ... Total Amount $1,015,000 Grant approval $1,015,000 – November 2025 Approval date November 2025 Start date September 2025 End date August 2026"
88,Ford Foundation,Center for Democracy & Technology,2450000.00,2021-10-01,"The Center for Democracy & Technology (CDT) has been awarded a $2.45 million grant by the Ford Foundation, an independent, nonprofit grant-making organization on the front lines of social change worldwide. This grant is part of Ford's Social Bond initiative"
89,Ford Foundation,Center for Strategic and International Studies (CSIS),250000.00,2023-01-01,"Contributions $250,000 and up - Ford Foundation"
90,Ford Foundation,Human Rights Data Analysis Group,"","","For example, the Ford Foundation supported work in Kosovo; the U.S. Department of State supported work with the Liberian Truth and Reconciliation Commission; the National Endowment for Democracy supported work on the Historical Archive of the National Police in Guatemala"
91,Ford Foundation,Washington Post,"","",Information displayed on this page may not represent the total grantmaking to a recipient. This database contains grant records from 2006 to present.
92,Founders Fund,DeepMind,"","","Founders Fund, the group established by venture capitalist Peter Thiel, and a trust led by Tesla motor founder Elon Musk are both small investors in the venture along with Yahoo's Nick D'Aloisio and Skype co-developer Jaan Tallinn."
93,Founders Pledge Inc,University of Louisville Foundation Inc,159000.00,2023-01-01,"UNIVERSITY OF LOUISVILLE FOUNDATION INC LOUISVILLE, KY $159,000"
94,Future of Life Foundation,Kathleen Finlinson,"",2025-07-01,"Program Manager, Future of Life Foundation Fellowship on AI for Human Reasoning(Jul 2025 - Oct 2025)"
95,Future of Life Institute,AI Impacts,49310.00,2015-09-01,"and the Future of Life Institute(FLI) for $49,310 for another year of work after that"
96,Future of Life Institute,AI Impacts,162000.00,2023-10-01,"Future of Life Institute | AI Impacts | 162,000.00 | 2023-10 | AI safety/strategy"
97,Future of Life Institute,AI Objectives Institute,500000.00,2023-10-01,"Amount recommended $500,000.00... Support for the Talk to the City and Moral Mirror projects."
98,Future of Life Institute,Collective Intelligence Project,400000.00,2025-07-01,"Amount recommended $400,000.00 Grant program Primary investigator Joal Stein,"
99,Future of Life Institute,Foresight Institute,290000.00,2023-01-01,"Amount recommended $290,000.00 Grant program Project summary Support for the Existential Hope and Tech Tree Programs."
100,Future of Life Institute,International Association for Safe and Ethical AI,1850000.00,2025-02-01,"Amount recommended $1,850,000.00 Grant program Project summary General support. The International Association for Safe and Ethical AI (IASEAI) is a nonprofit organization founded to address the risks and opportunities associated with rapid advances in AI."
101,Future of Life Institute,PauseAI,422961.00,"","422,961 (Future of Life Institute)"
102,Future of Life Institute,Stuart Russell,342727.00,"","Amount recommended $342,727.00 Grant program Primary investigator Stuart Russell, University of California, Berkeley"
103,Future of Life Institute,The Future Society,365000.00,2023-12-06,"Amount recommended $365,000.00... General support. The Future Society (TFS) is an independent nonprofit organization based in US and Europe with a mission to align AI through better governance."
104,Future of Life Institute,Vincent Conitzer,200000.00,"","Project: How to Build Ethics into Robust Artificial Intelligence Amount Recommended: $200,000"
105,Gates Foundation,Bipartisan Policy Center Inc,249724.00,2021-08-01,"to model funding levels needed to cushion the impact of future economic recessions on state investment in higher education... Committed amount $249,724"
106,Gates Foundation,LawZero,"",2025-08-01,"MONTREAL, QC – August 25, 2025 – LawZero today announced it has received a grant from the Gates Foundation to advance its work in developing AI safety benchmarks and algorithms."
107,Gates Foundation,Mozilla Foundation,503000.00,2024-01-01,AGRICULTURAL DEVELOPMENT; INCLUSIVE FINANCIAL SYSTEMS
108,Gates Foundation,Stanford University,4973691.00,2025-09-01,To apply artificial intelligence to improve the effectiveness and affordability of monoclonal antibody therapies for people in low- and middle-income countries.
109,General Services Administration,Google,"",2025-04-10,"Through this strategic partnership, Google will offer Workspace to every federal agency at a temporary price reduction of 71% off of the current Multiple Award Schedules Program (MAS IT) pricing, regardless of transaction size."
110,Gigafund,SpaceX,1000000000.00,2017-01-01,"They run an extremely concentrated, multi-decade strategy focused on a handful of capital-intensive, physical-world technology companies like reusable rockets, brain-computer interfaces, and nuclear micro-reactors rather than typical software investments."
111,Good Ventures,"80,000 Hours",4795803.00,2019-02-01,"The Open Philanthropy Project recommended a grant of $4,795,803 over two years to 80,000 Hours for general support."
112,Good Ventures,Arcadia Impact,"","",Our Giving - Good Ventures Skip to content
113,Good Ventures,BlueDot Impact,"",2024-01-01,Our Giving - Good Ventures Skip to content
114,Good Ventures,Neil Thompson,13000000.00,2022-01-01,"MIT researcher Neil Thompson was recently awarded a $13 million grant from Good Ventures, advised by Open Philanthropy, to support his research modeling the trends and impacts of artificial intelligence and computing."
115,Good Ventures,OpenAI,30000000.00,2017-01-01,"Tuna's and her husband's drive to promote safer development of artificial intelligence has led her to engage with leading firms, including a $30 million grant to then-nonprofit OpenAI in 2017 and an investment in Anthropic in 2021."
116,Good Ventures,RAND Corporation,"","","Gifts for independently initiated research from RAND supporters that have been allocated by RAND leadership to the Center on AI, Security, and Technology, which was formed by a merger between the previous Technology and Security Policy Center and Meselson Center, include those given or recommended by: Good Ventures"
117,Good Ventures,The Vista Institute for AI Policy,"","",https://www.goodventures.org/our-portfolio/grants/the-vista-institute-for-ai-policy-ai-law-field-building/
118,Good Ventures,Timaeus,"","",Our Giving - Good Ventures Skip to content
119,Good Ventures Foundation,Forecasting Research Institute,2676400.00,2023-06-01,"Good Ventures Foundation | 2023-06 | Advancing the Science of Forecasting | $2,676,400"
120,Good Ventures Foundation,Stanford Digital Economy Lab,"","",The Lab could not be more grateful for the support we've received. Foundations & Philanthropies... Good Ventures Foundation
121,Good Ventures foundation,Geoffrey Hinton,700000.00,"","University Professor Emeritus and Nobel Laureate Geoffrey Hinton will continue advancing his AI safety work through the Schwartz Reisman Institute for Technology and Society, thanks to a generous, US$700,000 gift from the Good Ventures foundation."
122,Google,Aaron Courville,"","","His research has been supported by Microsoft Research, Samsung, Hitachi, Meta, Sony (Research Award) and Google (Focused Research Award)."
123,Google,Amba Kak,"","","Trained as a lawyer, Amba received her BA LLB (Hons) from the National University of Juridical Sciences in India, and is a former recipient of the Google Policy Fellowship and Mozilla Policy Fellowship."
124,Google,Avi Goldfarb,"","",I have received grants supporting my research from multiple sources including... Google (most recently 2009)
125,Google,Cloudflare,110000000.00,2014-12-20,"we're pleased to announce that we have raised $110 million from Fidelity, Google, Microsoft, Baidu, Qualcomm and our existing investors."
126,Google,DeepMind,500000000.00,2014-01-26,Google will buy London-based artificial intelligence company DeepMind. The Information reports that the acquisition price was more than $500 million
127,Google,DeepMind,1000000000.00,2014-01-01,DeepMind was sold to Google in 2014.
128,Google,Google Brain,"",2011-01-01,"Google Brain was a deep learning artificial intelligence research team that served as the sole AI branch of Google before being incorporated under the newer umbrella of Google AI, a research division at Google dedicated to artificial intelligence. Formed in 2011"
129,Google,NoHarm,"","","With grants from companies like Google and Amazon, the goal is for NoHarm to one day be adapted into different health care environments, as well as in health systems across the world."
130,Google,Sam Bowman,"",2021-01-01,CAREER and Google funding for Bowman
131,Google,SpaceX,1000000000.00,2015-01-20,"Space Exploration Technologies (SpaceX), founded by Elon Musk, said it has raised about $1 billion in a financing round with two new investors, Google Inc and Fidelity."
132,Google,Stanford Digital Economy Lab,"","","Corporations... Google... Corporations support the Lab through several mechanisms: the HAI Membership program, the DEL Corporate Affiliate Program, sponsored research, charitable donations, and in-kind contributions."
133,Google,Thinking Machines Lab,"",2026-04-22,Google renforce ses liens avec Thinking Machines Lab via un nouvel accord de plusieurs milliards de dollars
134,Google DeepMind,University of Oxford,"","","The expansion is underpinned by over £25 million in donor funding, including major contributions from XTX Markets, Google DeepMind, UK Atomic Energy Authority, Alzheimer's Research UK and The University of Manchester's SATURN doctoral programme."
135,Google Inc,John Hickenlooper,236768.00,2017-01-01,"Google Inc $236,768"
136,Google Inc.,Association for Computing Machinery,1000000.00,2014-01-01,"ACM (the Association for Computing Machinery) is today announcing that the funding level for the ACM A.M. Turing Award is now $1,000,000, to be provided by Google Inc."
137,Google Inc.,Steve Scalise,25200.00,"","Google Inc. American multinational technology company; specializes in Internet-related services, products • Donation/Grant · 25,200 USD"
138,Google LLC,Cassava Technologies,90000000.00,2024-12-16,"The U.S. International Development Finance Corporation (DFC), Finnish Fund for Industrial Cooperation Ltd (Finnfund), and Google LLC today announced an ​​initial ​equity investment of $90 million into Cassava Technologies Limited"
139,Government of Canada,LawZero,"",2026-01-01,"The federal government is preparing to make a significant investment in a non-profit founded by Yoshua Bengio, a renowned artificial-intelligence researcher who is focused on building safe and trustworthy AI systems. A source familiar with the matter said the amount under discussion is more than $100-million."
140,Government of Canada,Mila - Quebec Artificial Intelligence Institute,"","","Funding for the Pan-Canadian AI Strategy (PCAIS) : Lobbying to encourage the refunding of PCAIS or of a new program or investment that positions Canada as a global leader in AI research, talent, and responsible deployment."
141,Greg Brockman,American Mission,"",2025-01-01,"American Mission, an appendage of a deep-pocketed AI super PAC network called Leading the Future, which sprung up in 2025 with backers including Greg Brockman, co-founder of the ChatGPT creator OpenAI, and Joe Lonsdale, the Austin billionaire and co-founder of Palantir, an AI-centric software and data analysis company."
142,Greg Brockman,Leading the Future,"",2025-08-01,Backed by more than $100 million from Top Industry Stakeholders including Andreessen Horowitz and Greg and Anna Brockman
143,Greylock,LinkedIn,10000000.00,2004-10-01,in 2004 received a Series B round of $10 million from Greylock
144,Halcyon Futures,UK AI Security Institute,"","","Alongside the Big Tech firms already mentioned, the project has also been supported by AWS, Halcyon Futures and a coalition of international government AI and scientific research bodies"
145,IBM,Gwanhoo Lee,"","","Dr. Lee has been awarded the European Union's Erasmus Mundus Scholarship, the UPS Scholarship, IBM research grants, and the Kogod Endowed Fellowship."
146,IBM,MIT FutureTech,"","","The FutureTech project is supported by grants from Open Philanthropy, the National Science Foundation, Accenture, IBM, the MIT-Air Force AI accelerator, and the MIT Lincoln Laboratory."
147,Jaan Tallin,DeepMind,"","",Skype and Kazaa developer Jaan Tallin is an investor.
148,Jaan Tallinn,AI Impacts,179000.00,2023-10-01,"Jaan Tallinn | AI Impacts | 179,000.00 | 2023-10 | AI safety/strategy"
149,Jaan Tallinn,Apart Research,"","","In total, we received donations from more than 70 private donors along with support from Jaan Tallinn's foundation and AISTOF."
150,Jaan Tallinn,Centre for Enabling EA Learning & Research (CEEALAR),224000.00,2022-12-01,2022/12/01 Jaan Tallinn EA community | $224K |
151,Jaan Tallinn,DeepMind,"","","Founders Fund, the group established by venture capitalist Peter Thiel, and a trust led by Tesla motor founder Elon Musk are both small investors in the venture along with Yahoo's Nick D'Aloisio and Skype co-developer Jaan Tallinn."
152,Jaan Tallinn,Epoch AI,600000.00,2025-01-01,"Jaan Tallinn General Support January 2025 $600,000 USD DAF donation"
153,Jaan Tallinn,Global Catastrophic Risk Institute,209000.00,2021-01-01,"We are delighted to announce that GCRI has received $209,000 in a new grant from Jaan Tallinn via the Survival and Flourishing Fund. The grant is for general support for GCRI."
154,Jaan Tallinn,LawZero,"",2025-07-01,"The effort is backed by about $30 million in donations from a who's who of backers. The list includes Skype founding engineer Jaan Tallinn and Schmidt Sciences, a philanthropic organization associated with former Google LLC Chief Executive Officer Eric Schmidt."
155,Jaan Tallinn,Lightspeed Grants,"","",Our primary funder for this round is Jaan Tallinn.
156,Jaan Tallinn,Modeling Cooperation,83000.00,2022-01-01,"Thanks to the $83,000 grant funded by Jaan Tallinn, we're looking forward to advancing our collaborations with other AI governance academics by building research software tools and conducting research on improving cooperation in competition toward the development of transformative AI."
157,Jaan Tallinn,RAND Corporation,"","","Gifts for independently initiated research from RAND supporters that have been allocated by RAND leadership to the Center on AI, Security, and Technology, which was formed by a merger between the previous Technology and Security Policy Center and Meselson Center, include those given or recommended by: Jaan Tallinn"
158,Jaan Tallinn,Survival & Flourishing Fund,"","","Expedited grants from individual grantors, funded by Jaan Tallinn. Decisions can be made within 1 week for time-sensitive requests."
159,Jaan Tallinn,Survival and Flourishing Fund,"",2025-01-01,"SFF is organizing another S-Process Grant Round in collaboration with Jaan Tallinn and Survival and Flourishing Corp (SFC), planning to announce recommendations by the end of September 2025. We estimate that $10MM - $20MM in funding will be distributed in this round via three tracks: Main, Freedom, and Fairness. The Funder of this round, Jaan Tallinn, has provided the following guidance regarding philanthropic priorities"
160,Jeff Dean,Sakana AI,"",2024-01-01,"We are honored to invest alongside other US investors Lux Capital and Khosla Ventures and prominent angels in the AI space including Jeff Dean(Google), Clement Delangue(Hugging Face), and Alexandr Wang(Scale AI)."
161,Jeff Dean,University of Washington CSE,"",2007-01-01,"The fellowship was established by UW CSE Ph.D. alumni Jeff Dean, who worked for Digital Equipment Corporation for almost three years before becoming an early employee at Google, Inc. in 1999."
162,Jensen Huang,AI4ALL,"","",We're thrilled to announce the support of Melinda Gates and Jensen and Lori Huang. These pioneering leaders in artificial intelligence are providing gifts to support AI4ALL through Pivotal Ventures and the Jensen & Lori Huang Foundation.
163,Jensen Huang,Stanford University,30000000.00,2025-01-01,"Similarly, their $30 million gift to Stanford in 2025 created the Huang Family Scholarship Fund, targeting underrepresented engineering students."
164,Joe Lonsdale,American Mission,"",2025-01-01,"American Mission, an appendage of a deep-pocketed AI super PAC network called Leading the Future, which sprung up in 2025 with backers including Greg Brockman, co-founder of the ChatGPT creator OpenAI, and Joe Lonsdale, the Austin billionaire and co-founder of Palantir, an AI-centric software and data analysis company."
165,Joe Lonsdale,Leading the Future,"",2025-01-01,"It was launched in 2025 with over $100 million from industry stakeholders including Andreessen Horowitz, OpenAI President Greg Brockman and Palantir co-founder Joe Lonsdale."
166,John Collison,Leopold Aschenbrenner,"","","I recently founded an investment firm focused on AGI, with anchor investments from Patrick Collison, John Collison, Nat Friedman, and Daniel Gross."
167,Khosla Ventures,Sakana AI,30000000.00,2024-01-01,"Sakana AI, a Tokyo-based artificial intelligence startup founded by two prominent former Google researchers, said on Tuesday it had raised $30 million in a seed financing round led by Lux Capital, with participation from Khosla Ventures."
168,Khosla Ventures,Vox Media,"","","Vox Media, which is headquartered in Washington D.C., previously raised $23 million in funding from Accel Partners, Comcast Ventures, Khosla Ventures, Allen & Company and Providence Equity Partners"
169,Kyunghyun Cho,Mila,30000.00,2021-01-01,"$30,000 CAD to Mila"
170,LTFF,Timaeus,"",2023-07-01,"Cumulatively, we've raised ~$3.5mm via the SFF, Manifund, LTFF, Open Phil, and AISTOF."
171,Laurene Powell Jobs,Andy Kim,11638.00,2020-06-01,"Laurene Powell Jobs Founder , Emerson Collective; widow of Steve Jobs • 6 contributions · 11,638 USD (Jun 1 '20→Jun 29 '21)"
172,Leopold Aschenbrenner,Epoch AI,200000.00,2025-01-01,"Leopold Aschenbrenner Pilot for New Benchmark January 2025 $200,000 USD awarded via Manifund"
173,Lightspeed Grants,Association for Long Term Existence and Resilience (ALTER),316900.00,2022-01-01,"$316,900 from Lighspeed Grants directed to Learning Theoretic AI"
174,Long-Term Future Fund,Alignment of Complex Systems Research Group (ACS),"","","The school is jointly organized by ACS research, the Centre for Theoretical Study at Charles University, Daniel Filan, and many volunteers, and is supported by a grant from the Long-Term Future Fund."
175,Long-Term Future Fund,Dan Hendrycks,55000.00,2020-04-01,"Dan Hendrycks ($55,000) A human value modeling benchmark"
176,Long-Term Future Fund,Existential Risk Observatory,"","",Existential Risk Observatory has been honoured to receive funding from the Longterm Future Fund!
177,Long-Term Future Fund,Human-aligned AI Summer School,"","","The school is jointly organized by ACS research, the Centre for Theoretical Study at Charles University, Daniel Filan, and many volunteers, and is supported by a grant from the Long-Term Future Fund."
178,Long-Term Future Fund,Quantified Uncertainty Research Institute (QURI),"","","SFF ($650K through 2022), Future Fund ($200K, 2022), LTFF(ongoing)"
179,Lux Capital,Anduril Industries,"","","Lux was a seed-stage investor in Anduril, which was last valued at $30.5 billion, and Applied Intuition, an autonomous vehicle startup that secured contracts with the Pentagon and was valued at $15 billion last year."
180,Lux Capital,Sakana AI,30000000.00,2024-01-01,"Sakana AI, a Tokyo-based artificial intelligence startup founded by two prominent former Google researchers, said on Tuesday it had raised $30 million in a seed financing round led by Lux Capital, with participation from Khosla Ventures."
181,MIT GOV/LAB,Stuart Russell,"","","With funding from MIT GOV/LAB, PhD candidate Stuart Russell and Blair Read PhD '22 conducted research for their dissertations in Burkina Faso and India, respectively."
182,MacArthur Foundation,Association for Computing Machinery,"","",Association for Computing Machinery - MacArthur Foundation
183,MacArthur Foundation,Daniela Rus,500000.00,2002-01-01,"Daniela Rus, winner of a $500,000 MacArthur Fellowship last September for her robotics research"
184,MacArthur Foundation,Danielle Allen,500000.00,2001-01-01,"Danielle Allen, Associate Professor in Classical Languages & Literatures and the College, has received a 2001 fellowship for $500,000 over five years from the John D. and Catherine T. MacArthur Foundation."
185,MacArthur Foundation,Regina Barzilay,625000.00,2017-01-01,"MIT computer scientist who studies natural language processing and machine learning wins $625,000 prize."
186,MacArthur Foundation,Safiya Noble,"",2021-01-01,"In 2021, she was recognized as a MacArthur Foundation Fellow for her ground-breaking work on algorithmic discrimination."
187,MacArthur Foundation,UW Tech Policy Lab,1000000.00,2018-01-01,"The University of Washington Tech Policy Lab has received a three-year, $1 million grant from the MacArthur Foundation to support its ongoing work in tech policy, including current and future work on artificial intelligence."
188,MacArthur Foundation,"University of California, Los Angeles",500000.00,2022-01-01,"The award supports the creation of the Center on Race and Digital Justice (the Center) at UCLA, which focuses on deep and lasting public impact that foregrounds accountability and repair from extant and emerging harms from digital technologies."
189,Macroscopic Ventures,Carnegie Mellon University,3000000.00,"","We made a $3,000,000 commitment to Carnegie Mellon University to establish the Foundati"
190,Macroscopic Ventures,Mythos Ventures,"","","We are an LP to Mythos Ventures, an early-stage venture capital firm investing in prosocial technologies for the transformative AI era."
191,Macroscopic Ventures,Mythos Ventures,14000000.00,2023-09-01,Mythos VenturesEarly Stage VC·Sep 2023·$14M
192,Manifund,AI Safety Camp,40105.00,2024-01-01,"$40,105raised $300,000funding goal"
193,Manifund,Connor Axiotes,"","","Not funded Impact certificate $0 raised $1,500 valuation"
194,Manifund,Equistamp,400000.00,"",We're seeking $400k USD in operating capital to eliminate cash flow constraints that currently limit our ability to serve the AI safety community's growing evaluation needs.
195,Manifund,Fazl Barez,30000.00,"","we, Michelle Lo and Fazl Barez, are planning to conduct a follow-up study to our ACL 2024 paper... We'll work on this for 3 months FTE equivalence at a rate of approximately $10,000 per month, and $10,000 for compute and other costs, totaling around $40,000."
196,Manifund,Lauren Mangla,100000.00,2025-01-01,"$100K Lauren Mangla Hi, I'm Lauren! I run AI safety programs at Constellation."
197,Manifund,PauseAI,8221.00,"","8,221 ( Manifund, various individuals)"
198,Manifund,SaferAI,100025.00,"","$100,025raised $300,016funding goal"
199,Manifund,Technical Alignment Research Accelerator (TARA),14901.00,"","This is a grant proposal for $14,901.25 USD in funding to help launch the inaugural Technical Alignment Research Accelerator (TARA). $14,901raised $14,901funding goal Fully funded and not currently accepting donations."
200,Manifund,Thomas Larsen,"",2025-01-01,"For 2025, we've raised $2.25m so far, and are excited to announce our first 10 regrantors... Thomas Larsen — AI Futures Project"
201,Manifund,Timaeus,"",2023-07-01,"Cumulatively, we've raised ~$3.5mm via the SFF, Manifund, LTFF, Open Phil, and AISTOF."
202,Marc Andreessen,Reddit Inc,"",2014-09-30,"The funding was led by Sam Altman, president of Y Combinator, the incubator that originally helped launch Reddit, with participation from Alfred Lin of Sequoia Capital and Marc Andreessen of Andreessen Horowitz, Reddit said in a blog post."
203,Marc Benioff,TIME Magazine,"",2018-09-17,"Time Magazine's latest funding round was a Acquired Unit for on September 17, 2018... Lynne Benioff, and Marc Benioff"
204,Marsha Blackburn,National Republican Senatorial Committee,750.00,2001-01-01,National Republican Senatorial Committee Campaign committee for Republican U.S. Senate candidates • 2 contributions · 750 USD ('01)
205,Menlo Ventures,Anthropic,"",2023-01-01,"2023 – Partnered, Series C"
206,Meta,Aaron Courville,"","","His research has been supported by Microsoft Research, Samsung, Hitachi, Meta, Sony (Research Award) and Google (Focused Research Award)."
207,Meta,Arizona Secretary of State,"",2020-01-01,"The law was passed following the 2020 election, when organizations like Meta, owned by Mark Zuckerberg, helped fund election operations around the country."
208,Meta,Scale AI,14300000000.00,2025-06-01,"Meta will take a 49% stake for $14.3 billion, according to two sources familiar with the matter."
209,Meta,Scale AI,"",2024-01-01,"Scale AI was valued at $14 billion in a funding round last year, and was mostly recently valued at nearly $29 billion when Meta invested for a 49% stake in the company and poached its CEO Alexandr Wang to be its chief AI officer to lead its new Superintelligence Labs."
210,Metaplanet,Conjecture,10000000.00,2022-10-20,"Seed Round (2022-10-20): USD 10.0M - 1 investor, led by Metaplanet"
211,Microsoft,American Federation of Teachers,12500000.00,2025-01-01,"The pledges include $12.5 million over five years from Microsoft, $8 million in direct funding with an additional $2 million in technical resources from OpenAI, and $500,000 in first-year support from Anthropic to establish the National Academy for A.I. Instruction."
212,Microsoft,Cloudflare,110000000.00,2014-12-20,"we're pleased to announce that we have raised $110 million from Fidelity, Google, Microsoft, Baidu, Qualcomm and our existing investors."
213,Microsoft,Inflection AI,"","","Microsoft is Inflection's cloud computing provider, and is also a main backer of Inflection competitor OpenAI and provides Azure cloud services to that company as well."
214,Microsoft,Inflection AI,1300000000.00,"","After raising $1.3B, Inflection is eaten alive by its biggest investor, Microsoft"
215,Microsoft,LinkedIn,26200000000.00,2016-06-13,"Acquired by: Microsoft (2016-06-13) for USD 26,200,000,000"
216,Microsoft,Regina Barzilay,"",2006-01-01,"Microsoft Faculty Fellowship, 2006"
217,Microsoft,Stanford Digital Economy Lab,"","","Corporations... Microsoft... Corporations support the Lab through several mechanisms: the HAI Membership program, the DEL Corporate Affiliate Program, sponsored research, charitable donations, and in-kind contributions."
218,Microsoft,UK AI Security Institute,"",2026-02-01,OpenAI and Microsoft have pledged to provide millions in new funding to the UK government's AI Security Institute in support of its AI Alignment Project.
219,Microsoft,University of Cambridge,"","","As part of the Microsoft Research - Cambridge University Machine Learning Initiative, Microsoft will help increase AI and machine learning research capacity and capability at Cambridge by supporting visiting researchers, postdoctoral researchers, PhD students and interns from the UK, EU and beyond."
220,Microsoft,University of Washington,100000000.00,"","And that doesn't include more than $100 million in gifts to the UW from Microsoft, the company co-founded by Bill Gates."
221,Microsoft Corp,Catherine Cortez Masto,82184.00,2019-01-01,"Microsoft Corp $82,184"
222,Microsoft Corp,John Hickenlooper,104113.00,2017-01-01,"Microsoft Corp $104,113"
223,Microsoft Research,Aaron Courville,"","","His research has been supported by Microsoft Research, Samsung, Hitachi, Meta, Sony (Research Award) and Google (Focused Research Award)."
224,Microsoft Research,Zoë Hitzig,"","","Her doctoral advisor was Eric Maskin, and her graduate study was supported by a PhD Fellowship from Microsoft Research."
225,Mozilla,Amba Kak,"","","Trained as a lawyer, Amba received her BA LLB (Hons) from the National University of Juridical Sciences in India, and is a former recipient of the Google Policy Fellowship and Mozilla Policy Fellowship."
226,Mozilla Foundation,Sayash Kapoor,"","",Sayash Kapoor Mozilla Fellow
227,NVIDIA,Allen Institute for AI,77000000.00,2025-08-01,"The Allen Institute for AI (Ai2) will receive $152 million in grants in a public-private partnership, according to the U.S. National Science Foundation. NSF will provide $75 million, and Nvidia will contribute $77 million."
228,NVIDIA,Cassava Technologies,"","","Cassava Technologies (Cassava), a global technology leader of African heritage, proudly announces that it has received an investment from NVIDIA."
229,NVIDIA,Cohere,"",2023-06-01,"Inovia Capital led the round, with additional participation from a diverse group of global institutional and strategic investors, including NVIDIA, Oracle, Salesforce Ventures, DTCP, Mirae Asset, Schroders Capital, SentinelOne, Thomvest Ventures, and returning investor Index Ventures."
230,NVIDIA,Inflection AI,"",2023-06-29,"Inflection AI today announced that the company has raised $1.3 billion in a fresh round of funding led by Microsoft, Reid Hoffman, Bill Gates, Eric Schmidt, and new investor NVIDIA."
231,NVIDIA,Safe Superintelligence Inc.,"",2025-04-11,"Series B Apr 11, 2025 $2.0B Valuation: $32.0B Greenoaks Capital Partners (Lead) Andreessen Horowitz Lightspeed Venture Partners DST Global Alphabet NVIDIA"
232,NVIDIA,World Labs,"",2024-01-01,"alongside Andreessen Horowitz, plus NVIDIA and AMD."
233,Nat Friedman,Conjecture,"",2022-01-01,"We have VC backing from, among others, Nat Friedman, Daniel Gross, Patrick and John Collison, Arthur Breitman, Andrej Karpathy, and Sam Bankman-Fried."
234,Nat Friedman,Leopold Aschenbrenner,"","","I recently founded an investment firm focused on AGI, with anchor investments from Patrick Collison, John Collison, Nat Friedman, and Daniel Gross."
235,National Institute Of Standards and Technology,U.S. Artificial Intelligence Safety Institute,10000000.00,2024-01-01,"Senator Schumer announced that the recently-released Commerce, Justice, and Science Fiscal Year 2024 appropriations bill includes up to $10 million for establishment of the USAISI at NIST"
236,National Institute of Standards and Technology,US AI Safety Institute Consortium,"",2026-01-01,U.S. AI Safety Institute Consortium (AISIC) Research Funding (2026) | Granted | Granted AI
237,National Institutes of Health,Emory University,511000000.00,2025-01-01,"Emory University received more than $511 million in NIH funding in 2025, according to the Blue Ridge Institute for Medical Research."
238,National Institutes of Health,USC,12600000.00,2026-01-01,"The National Institutes of Health has renewed support for Artificial Intelligence for Alzheimer's Disease, or AI4AD. The new $12.6 million award to advance the project's next phase, AI4AD2, brings its total investment in AI4AD to $30.7 million."
239,Nvidia,Element AI,"",2017-01-01,"One of the most promising new hubs for artificial intelligence research in Canada is going international, thanks to a $135 million investment with contributions from some of the biggest names in tech."
240,Nvidia,OpenAI,30000000000.00,2026-02-01,"The funding round includes a $30 billion investment from SoftBank, $30 billion from Nvidia(NVDA.O), opens new tab, and $50 billion from Amazon(AMZN.O), opens new tab, and comes ahead of the AI startup's expected mega-IPO later this year."
241,Nvidia,Thinking Machines Lab,"",2025-07-15,"The fundraise also saw participation from AI chip giant Nvidia, Accel, ServiceNow, Cisco, AMD and Jane Street, the startup said."
242,OpenAI,American Federation of Teachers,10000000.00,2023-01-01,OpenAI is contributing $10 million.
243,OpenAI,American Federation of Teachers,8000000.00,2025-01-01,"The pledges include $12.5 million over five years from Microsoft, $8 million in direct funding with an additional $2 million in technical resources from OpenAI, and $500,000 in first-year support from Anthropic to establish the National Academy for A.I. Instruction."
244,OpenAI,Harvard University,50000000.00,2025-03-01,"OpenAI donated $50 million to 15 research institutions including Harvard to fund artificial intelligence in research as part of its NextGenAI consortium project, the company announced last week."
245,OpenAI,Meaning Alignment Institute,"","",We received an OpenAI gr
246,OpenAI,Thrive Holdings,"",2025-01-01,"Corporate Round - 1 investor, led by OpenAI"
247,OpenAI,UK AI Security Institute,"",2026-02-01,OpenAI and Microsoft have pledged to provide millions in new funding to the UK government's AI Security Institute in support of its AI Alignment Project.
248,Patrick Collison,Conjecture,"",2022-01-01,"We have VC backing from, among others, Nat Friedman, Daniel Gross, Patrick and John Collison, Arthur Breitman, Andrej Karpathy, and Sam Bankman-Fried."
249,Patrick Collison,Leopold Aschenbrenner,"","","I recently founded an investment firm focused on AGI, with anchor investments from Patrick Collison, John Collison, Nat Friedman, and Daniel Gross."
250,Paul Christiano,Ought,900000.00,2020-01-01,"$900,000 from Paul Christiano"
251,Peter Thiel,DeepMind,2250000.00,"","Thiel would go on to invest about $2.25 million into their endeavor, the Times reported."
252,Peter Thiel,Eric Schmitt,250000.00,2022-01-01,"Peter Thiel Alt-right ""libertarian"" billionaire venture capitalist, PayPal and Palantir Cofounder; chess prodigy • donation · 250,000 USD ('22)"
253,Peter Thiel,Reddit Inc,"",2014-09-30,"Other investors and entrepreneurs that took part in the funding round include Peter Thiel, Ron Conway, Paul Buchheit, Jared Leto, Jessica Livingston, Mariam Naficy, Josh Kushner, rapper Snoop Dogg and Reddit Chief Executive Yishan Wong."
254,Peter Thiel,Stripe,2000000.00,2011-03-01,"Stripe, an online payments engine that simplifies the purchase of content and goods on websites, raised its first round of funding of US$2m in March 2011 from investment veterans Peter Thiel, Elon Musk, Sequoia Capital and Andreesen Horowitz."
255,Peter Thiel,Thrive Capital,"",2011-01-01,"In 2011, the firm launched its first institutional fund, raising another $40 million from Princeton University, Wellcome Trust, Peter Thiel and other investors."
256,Princeton University,The Princeton Laboratory for Artificial Intelligence,"",2024-01-01,"Princeton makes audacious bets on talent and ideas through the University's endowment, including providing funding and resources for high-intensity, boundary-pushing, interdisciplinary research initiatives in AI."
257,Princeton University,Thrive Capital,"",2011-01-01,"In 2011, the firm launched its first institutional fund, raising another $40 million from Princeton University, Wellcome Trust, Peter Thiel and other investors."
258,Public Investment Fund,Humain,"",2025-01-01,"Humain, established last year and fully owned by the Public Investment Fund (PIF), is at the forefront of this national AI strategy."
259,Pulitzer Center,Karen Hao,"","",Karen Hao is an award-winning journalist covering the impacts of artificial intelligence on society... GRANTEE
260,Qualcomm,Cloudflare,110000000.00,2014-12-20,"we're pleased to announce that we have raised $110 million from Fidelity, Google, Microsoft, Baidu, Qualcomm and our existing investors."
261,RAND Corporation,Allen Newell,"",1950-01-01,"In 1950, he left Princeton and joined the RAND Corporation in Santa Monica where he"
262,Radicalxchange Foundation,Collective Intelligence Project,645391.00,2023-12-01,"Collective Intelligence Project General Support. 2023-12 $645,391"
263,Redwood Research,Machine Learning for Alignment Bootcamp (MLAB),"",2022-08-01,"Redwood Research is running another iteration of MLAB, our bootcamp aimed at helping people who are interested in AI alignment learn about machine learning... We'll pay for housing, travel, and food, as well as salaries for the TAs."
264,Reid Hoffman,Inflection AI,"",2022-01-01,"It raised $225 million in a first round of funding in early 2022 from Greylock, Microsoft and Reid Hoffman."
265,Rethink Priorities,Apollo Research,"",2023-01-01,We are currently fiscally sponsored by Rethink Priorities.
266,Rethink Priorities,Institute for AI Policy and Strategy (IAPS),"","","The Institute for AI Policy and Strategy (IAPS) is an initiative of the California-based 501(c)(3) think tank Rethink Priorities(RP). As such, IAPS receives fiscal support from RP as well as operational support from RP's Operations Department, while IAPS sets its own research agenda."
267,SV Angel,Formation Bio,372000000.00,2024-06-26,Formation Bio raised $372
268,Sam Altman,Reddit Inc,50000000.00,2014-09-30,"The funding was led by Sam Altman, president of Y Combinator, the incubator that originally helped launch Reddit, with participation from Alfred Lin of Sequoia Capital and Marc Andreessen of Andreessen Horowitz, Reddit said in a blog post."
269,Schmidt Futures,Hélène Landemore,"","",I am currently undertaking work supported by Schmidt Futures through the AI2050 program.
270,Schmidt Futures,John Tasioulas,"",2022-01-01,"Professor John Tasioulas, Director of the Institute for Ethics in AI at Oxford University, has been awarded an AI2050 Senior Fellowship by Schmidt Futures. This comes with a grant which will allow Professor Tasioulas to jointly pursue a research project with Professor Hélène Landemore, Professor of Political Science at Yale University."
271,Schmidt Futures,Samantha Bradshaw,"","","Prior, I was a Perry World House Lightning Scholar, Fellow at Schmidt Futures International Strategy Forum (North America)"
272,Schmidt Futures,Stanford Digital Economy Lab,"","",The Lab could not be more grateful for the support we've received. Foundations & Philanthropies... Schmidt Futures
273,Sequoia Capital,ElevenLabs,500000000.00,2026-02-04,"Voice AI company ElevenLabs said today it raised $500 million in a new funding round led by Sequoia Capital, which was an investor in the startup's last secondary round through a tender."
274,Sequoia Capital,LinkedIn,4700000.00,2003-11-01,"In 2003, LinkedIn secured $4.7 million in Series A funding from Sequoia Capital"
275,Sequoia Capital,OpenAI,"",2021-01-01,"Partners Pat Grady, Alfred Lin, Sonya Huang and James Flynn Partnered In 2021"
276,Sequoia Capital,Stripe,18000000.00,2012-02-01,This was followed by a further funding round of US$18m in February 2012 by Sequoia Capital that at the time valued their company at US$100m.
277,ServiceNow,Thinking Machines Lab,"",2025-07-15,"The fundraise also saw participation from AI chip giant Nvidia, Accel, ServiceNow, Cisco, AMD and Jane Street, the startup said."
278,SoftBank,Agility Robotics,"",2025-01-01,"The venture arm of private equity firm WP Global is leading the fundraising, with participation from SoftBank, according to The Information."
279,SoftBank,OpenAI,30000000000.00,2026-02-01,"Amazon is leading the trio of tech heavyweights in commitments, putting up $50 billion, followed by $30 billion each from Nvidia and SoftBank, said OpenAI co-founder and CEO Sam Altman on Friday."
280,SoftBank,OpenAI,40000000000.00,"","OpenAI is in early talks to raise as much as $40 billion in a funding round led by SoftBank, Berber J. & I reported today. If completed, the SoftBank-led round would value the ChatGPT maker as high as $300 billion or nearly double what it was valued last fall."
281,Stanford University,Ramin Toloui,223950.00,"","STANFORD UNIVERSITY Salary $223,950"
282,Stanford University,Samantha Bradshaw,"","","She is currently a Postdoctoral Research Fellow at Stanford University working at the Center for Democracy, Development and the Rule of Law, the Digital Civil Society Lab, and the Program for Democracy and the Internet."
283,Stanford University,Veena Dubal,"","","Professor Dubal joined the Hastings Faculty in 2015, after a post-doctoral fellowship at Stanford University"
284,State of California,Government Operations Agency,3327000.00,2016-01-01,"Totals, Positions and All Expenditures (excluding Infrastructure) 11.6 $3,327"
285,State of New York,Empire AI,90000000.00,2025-01-01,Builds on the Governor's Successful Enactment of $90 Million in Funding in this year's FY26 Budget To Expand Capacity and Support Additional Members
286,Survival & Flourishing Fund,PauseAI,9463.00,"","9,463 (Survival & Flourishing Fund)"
287,Survival and Flourishing Fund,AI Futures Project,80000.00,"","Funding: Charitable donations and grants; received $80,000 from Survival and Flourishing Fund"
288,Survival and Flourishing Fund,AI Impacts,"","","AI Impacts is supported by Open Philanthropy, the Survival and Flourishing Fund, and other private donors."
289,Survival and Flourishing Fund,Association for Long Term Existence and Resilience (ALTER),423000.00,2022-07-01,"As of July 2022, ALTER has received $423,000 in funding from the Survival and Flourishing Fund"
290,Survival and Flourishing Fund,Atlas Computing,1000000.00,2023-01-01,"We formed in Oct 2023, and raised nearly $1M, primarily from the Survival and Flourishing Fund and Protocol Labs."
291,Survival and Flourishing Fund,Computational Rational Agents Laboratory (CORAL),"","","We thank the Advanced Research+Invention Agency, Coefficient Giving, the Survival and Flourishing Fund and the AI Security Institute for their ongoing support."
292,Survival and Flourishing Fund,ILINA Program,"",2025-01-01,"We raised considerably more funding than we had in 2024 (many thanks to new funders Survival and Flourishing Fund and AI Safety Tactical Opportunities Fund — special thanks to JueYan Zheng, and our long-term funder Coefficient Giving)"
293,Survival and Flourishing Fund,Ought,100000.00,2020-02-14,"$100,000 from the Survival and Flourishing Fund"
294,Survival and Flourishing Fund,Ought,800000.00,"","nearly $800,000 in funding from the Survival and Flourishing Fund"
295,Survival and Flourishing Fund,Palisade Research,1133000.00,2024-01-01,"We have matching grants from the Survival and Flourishing Fund that will double every donation up to $1,133,000."
296,Survival and Flourishing Fund,Quantified Uncertainty Research Institute (QURI),650000.00,"","SFF ($650K through 2022), Future Fund ($200K, 2022), LTFF(ongoing)"
297,Survival and Flourishing Fund,Quantified Uncertainty Research Institute (QURI),"","","Our donors so far have included the Long-Term Future Fund, the Survival and Flourishing Fund, and several individuals."
298,Survival and Flourishing Fund,Scott Aaronson,"","","So, just like the previous time I got such a request, from Jaan Tallinn's Survival and Flourishing Fund, I decided to do a call for proposals on Shtetl-Optimized before passing along my recommendations."
299,Susan Athey,Cory Booker,500.00,2019-04-16,Cory Booker Democrat US Senator from New Jersey • Donation/Grant · 500 USD (Apr 16 '19)
300,Søren Elverlin,AISafety.com,"","","AISafety.com as a whole is operated on a shoestring budget, relying on volunteers and personally funded by Søren Elverlin. The site does not accept donations."
301,The Foresight Institute,AI Objectives Institute,629750.00,2023-01-01,"The Foresight Institute | 2023-12 | General Sponsorship | $629,750"
302,The William and Flora Hewlett Foundation,New Consensus,"","",For General Operating Support The William and Flora Hewlett Foundation See all 1 contract awarded to New Consensus
303,The William and Flora Hewlett Foundation,RAND Corporation,"","",Directed grants or contracts for specific research projects within RAND CAST are noted in the relevant research publications. These have been made or recommended by: The William and Flora Hewlett Foundation
304,The William and Flora Hewlett Foundation,UW Tech Policy Lab,"","","The Tech Policy Lab receives support from the following organizations, including a generous founding gift from Microsoft in 2013. Challenge Seattle City of Seattle The William and Flora Hewlett Foundation Knight Foundation"
305,Thrive Capital,Anduril Industries,8000000000.00,2026-03-01,"Palmer Luckey's defense-tech company is in the middle of a multibillion-dollar funding round led by Thrive Capital and Andreessen Horowitz, according to a new report from The Wall Street Journal. A previous report from Bloomberg said the new round could bring as much as $8 billion of capital into the company, which closed its previous funding round last summer."
306,Thrive Capital,Anduril Industries,4000000000.00,2026-03-01,"Anduril Industries is seeking to raise about $4 billion from venture capital firms Thrive Capital ​and Andreessen Horowitz, a person familiar with the matter told Reuters ‌on Tuesday."
307,U.S. Department of Commerce,NTIA,1000000000.00,2024-07-01,The Department of Commerce's National Telecommunications and Information Administration (NTIA) announced today the availability of nearly $1 billion to fund
308,U.S. Department of Commerce,NTIA,2750000000.00,"",The Digital Equity Act provides $2.75 billion to establish three grant programs that promote digital equity and inclusion.
309,U.S. Department of Commerce,NTIA,10000000000.00,"","Authorized under the FY 2021 National Defense Authorization Act and funded through the CHIPS and Science Act of 2022, this ten-year grant program will help drive wireless innovation, foster competition, and strengthen supply chain resilience."
310,U.S. Department of Commerce,National Institute of Standards and Technology,1400000000.00,2023-01-01,"The budget request proposes a record $1.4 billion in total funding for NIST, including critical funding for Administration efforts to promote supply chain resiliency."
311,U.S. Department of Commerce,National Institute of Standards and Technology,50000000.00,2022-01-01,"When the CHIPS and Science Act of 2022 was signed into law, it provided the Department of Commerce with $50 billion for a suite of programs to strengthen and revitalize the U.S. position in semiconductor research, development, and manufacturing"
312,U.S. Department of Commerce,TSMC,5000000000.00,2024-04-01,"The U.S. Commerce Department said on Monday it would award Taiwan Semiconductor Manufacturing Co's (TSMC)(2330.TW), opens new tab U.S. unit a $6.6 billion subsidy for advanced semiconductor production in Phoenix, Arizona and up to $5 billion in low-cost government loans."
313,U.S. Department of Commerce,University of Notre Dame,51000000.00,"",The U.S. Department of Commerce and its Economic Development Administration have announced $51 million in federal funding to support the implementation of a Regional Technology and Innovation Hub that includes the University of Notre Dame among its members.
314,U.S. Department of State,Bureau of Cyberspace and Digital Policy,3000000.00,2024-08-01,"Pending the availability of funds, CDP anticipates awarding one [1] cooperative agreement of up to $3,000,000.00 USD."
315,U.S. Department of State,Human Rights Data Analysis Group,"","",the U.S. Department of State supported work with the Liberian Truth and Reconciliation Commission; the National Endowment for Democracy supported work on the Historical Archive of the National Police in Guatemala
316,U.S. National Science Foundation,Allen Institute for AI,75000000.00,2025-08-01,"The Allen Institute for AI (Ai2) will receive $152 million in grants in a public-private partnership, according to the U.S. National Science Foundation. NSF will provide $75 million, and Nvidia will contribute $77 million."
317,U.S. National Science Foundation,Jeff Hancock,"","","His research has been supported by funding from the U.S. National Science Foundation and the U.S. Department of Defense and featured in the popular press, including the New York Times, CNN, NPR, CBS and the BBC."
318,U.S. National Science Foundation,Stony Brook University,13770000.00,"","The U.S. National Science Foundation (NSF) has awarded a $13.77 million grant to Stony Brook University's Institute for Advanced Computational Science (IACS), in collaboration with the University at Buffalo."
319,University of Michigan,Hélène Landemore,20000.00,2024-01-01,2024 Tanner lecture award ($20 000) to give the Tanner lecture on Human Values at the University of Michigan on April 16
320,University of Michigan,Matthew Johnson-Roberson,"",2019-01-01,Johnson-Roberson is one of four UM faculty members selected to receive a Henry Russel Award for 2019. The Award is one of the university's highest honors for junior faculty members.
321,University of Michigan,Sam Altman,75000000.00,2023-01-01,Sam Altman quietly got $75M from the University of Michigan for a new venture capital fund earlier this year
322,University of Notre Dame,Ted Chiang,"",2020-01-01,He was an artist in residence at the University of Notre Dame from 2020 to 2021.
323,University of Oxford,Brian Christian,"","","He is a recipient of the Clarendon Scholarship, the University of Oxford's most competitive research scholarship."
324,University of Virginia,Darden School of Business,6000000.00,2022-10-01,"With $6 million in matching funds from the University, the total impact of the gift to Darden is $50 million."
325,Vox Media,Ezra Klein,"",2014-01-01,"Ezra Klein, the blogger who founded The Washington Post's popular Wonkblog, will start a new commentary and news site backed by Vox Media, the three-year-old proprietor of SB Nation"
326,William & Flora Hewlett Foundation,Stanford University,200000.00,2023-08-29,"Amount $200,000... For Support Of The Regulation, Evaluation, And Governance Lab... Date Awarded 8/29/2023... Term 12 Months"
327,William and Flora Hewlett Foundation,Center for Long-Term Cybersecurity,"",2015-01-01,"Funded through a generous seed grant from the William and Flora Hewlett Foundation, CLTC has a mission to design solutions to cybersecurity issues"
328,William and Flora Hewlett Foundation,Effective Institutions Project,350000.00,2024-12-01,"William and Flora Hewlett Foundation | 2024-12 | For the Revitalizing American Governance Project | $350,000"
329,William and Flora Hewlett Foundation,MIT Shaping the Future of Work Initiative,"","","Originally established as part of MIT Blueprint Labs with a foundational gift from the William and Flora Hewlett Foundation, the Shaping the Future of Work Initiative is a nonpartisan research organization that applies economics research to identify innovative ways to move the labor market onto a more equitable trajectory"
330,World Economic Forum,Børge Brende,1900000.00,2017-01-01,"Brende har en årslønn på over 1,9 millioner dollar – omtrent 19 millioner norske kroner"
331,Y Combinator,ACLU,"",2017-01-01,We are delighted to be funding the ACLU as a non-profit in our Winter 2017 batch.
332,Y Combinator,Piramidal,500000.00,2024-03-01,"Pre Seed Round - Piramidal (2024-03-01): USD 500,000 - 4 investors, led by Y Combinator"
333,Y Combinator,Piramidal,6000000.00,2024-08-21,One was Seed round of $6M from Investors like Y Combinator and Adverb Ventures
334,Y Combinator,Reddit,6000.00,2004-01-01,"It would be a summer experiment, granting just $6,000 per applicant (enough, he figured, for them to eat and pay for a sublet; not enough to bog them down)."
335,Y Combinator,Scale AI,"",2016-01-01,"Founded in 2016 in San Francisco out of the startup incubator Y Combinator, Scale AI develops software that labels image, text, voice and video data"
336,Y Combinator,Simplex,500000.00,2024-01-01,Simplex has raised a total of $500K from 1 Seed round on 2024 from Y Combinator.
337,Yann LeCun,Samaya AI,"",2025-05-14,"with participation from leaders in technology and financial services, including Eric Schmidt (former CEO of Google), Yann LeCun (AI Turing Award winner)"
