role,entity_name,edge_count,example_funders,sample_citation
recipient,The Alignment Project,7,AI Safety Tactical Opportunities Fund; Anthropic; Microsoft; OpenAI; UK AI Security Institute,"We now welcome OpenAI, Microsoft, the Australian Department of Industry, Science and Resources' AI Safety Institute, the AI Safety Tactical Opportunities Fund, Sympatico Ventures, and Renaissance Phil"
recipient,AI Safety Fund,5,Anthropic; Google; Jaan Tallinn; Microsoft; OpenAI,"The AI Safety Fund (AISF) is a $10 million+ initiative, born from a collaborative vision of leading AI developers and philanthropic partners. Funders include the Frontier Model Forum's founding member"
recipient,Hugging Face,4,Bloomberg; Lux Capital; Qualcomm; Salesforce,"paying clients include Intel, Qualcomm and Bloomberg."
recipient,Alignment Project researchers,4,Anthropic; Microsoft; OpenAI; UK AI Security Institute,"The Alignment Project is supported by an international coalition of government, industry, and philanthropic funders — including the UK AI Security Institute, Canadian AI Safety Institute (CAISI), Cana"
recipient,CoreWeave,3,Meta; Nvidia,"In September, it revealed it was going to spend $14.2 billion on the cloud provider's AI compute infrastructure. That original deal was set to run until 2031, but the new deal spans 2027 to 2032, Meta"
recipient,Center for Democracy and Technology,3,Ford Foundation; Google; Meta,"Total Amount $4,600,000 Grant approval $4,600,000 – June 2024 Approval date June 2024 Start date February 2024 End date January 2028"
recipient,Principles of Intelligence,3,AI Safety Tactical Opportunities Fund; Cooperative AI Foundation; Survival and Flourishing Fund,"We are funded by: Open Philanthropy, Survival and Flourishing Fund, AI Safety Tactical Opportunities Fund, Cooperative AI Foundation"
recipient,MATS Research Inc.,3,Berkeley Existential Risk Initiative; Good Ventures Foundation; Manifund,"Berkeley Existential Risk Initiative (BERI) - $1,000 (January 29, 2024)"
recipient,Adobe Film & TV Fund,3,Adobe; Adobe Foundation,"In 2026, Adobe is committing $10 million in grants and donated products, helping unlock creative opportunities and career advancement for creators around the world"
recipient,Sierra,3,Greenoaks Capital; Sequoia Capital; Thrive Capital,"The San Francisco-based company, which was valued at $1 billion in January, raised $175 million in a funding round led by Greenoaks Capital."
recipient,Distributed AI Research Institute (DAIR),3,Ford Foundation; MacArthur Foundation,"DAIR received $3.7 million in funding from the MacArthur Foundation, Ford Foundation, Kapor Center, Open Society Foundation and the Rockefeller Foundation."
recipient,Waymo,3,Alphabet Inc.; DST Global; Sequoia Capital,"In addition to Alphabet's strong sustained support as our majority investor, the financing was led by Dragoneer Investment Group, DST Global, and Sequoia Capital"
recipient,Stanford researchers,2,Stanford HAI,Stanford HAI and Accelerator for Learning Award $625K in Generative AI Seed Grants
recipient,Ineffable Intelligence,2,Sequoia Capital,"Former Google DeepMind researcher David Silver has raised $1.1 billion for his new company, Ineffable Intelligence, in the latest example of an artificial intelligence startup securing enormous funds "
recipient,Anduril,2,Founders Fund; U.S. Army,"Founders Fund has led another, enormous round for defense tech startup Anduril with a $1 billion investment as part of a new $2.5 billion raise, the largest check the firm has ever written."
recipient,CommonAI,2,Advanced Research and Invention Agency (ARIA),"The Advanced Research and Invention Agency (Aria) is committing £50 million to the initiative. An initial £16 million grant is going to the Cambridge-based not-for-profit CommonAI organisation, which "
recipient,Kearny Jackson,2,Marc Andreessen; Sequoia Capital,"A number of venture investors including a16z's Marc Andreessen, Chris Dixon, Iconiq's Doug Pepper, Greg Stanger, Arnav Bhimbet, Will Griffith and Divesh Makan, Reddit co-founder Alexis Ohanian, Blackr"
recipient,Catalyze Impact incubated organizations,2,AI Safety Tactical Opportunities Fund; Survival and Flourishing Fund,"The majority of these organizations have now raised 6 and 7 figure funding from funders such as Open Philanthropy, the Survival and Flourishing Fund, the AI Safety Tactical Opportunities Fund, and ind"
recipient,International Association for Safe and Ethical AI (IASEAI),2,Beneficial AI Foundation; Future of Life Institute,"Initially funded by the Beneficial AI Foundation, IASEAI plans regional chapters and a 2026 conference at UNESCO in Paris to further consensus-building, positioning itself as a counterweight to unchec"
recipient,CIFAR,2,Government of Canada; Kyunghyun Cho,"Funded by a $27 million contribution to CIFAR from the Government of Canada, the applied and investigator-led research stream of CAISI will be steered by CIFAR, in collaboration with the National AI I"
recipient,universities,2,Huawei; Microsoft,"Huawei plans to spend more than $300 million (244.36 million pounds) a year in research funding for universities, a senior company executive said on Tuesday"
recipient,Mentee Robotics,2,Amnon Shashua; Mobileye,"His stake is worth approximately $341 million, an almost pure profit for someone who invested a little more than $10 million in the company."
recipient,/dev/agents,2,Alexandr Wang; Andrej Karpathy,"Dozens of angel investors also participated in the round, including high-profile figures such as Scale AI Chief Executive Officer Alexandr Wang, Palo Alto Networks CEO Nikesh Arora and OpenAI co-found"
recipient,Schmidt Sciences,2,Eric Schmidt,The Schmidts have committed $125 million to the AI2050 program over five years.
recipient,Created by Humans,2,Emmett Shear; Sam Lessin,1/28/2025 Seed VC Created by Humans $5.5M Yes
recipient,Hemlock Semiconductor,2,U.S. Department of Commerce,Department of Commerce Announces CHIPS Incentives Award with Hemlock Semiconductor to Help Secure U.S. Production Capacity of Semiconductor-Grade Polysilicon
recipient,Center for Security and Emerging Technology,2,Public Interest Technology University Network; William and Flora Hewlett Foundation,"Funding organizations include the Open Philanthropy, the William and Flora Hewlett Foundation, the Musk Foundation, the Patrick J. McGovern Foundation and the Public Interest Technology University Net"
recipient,Embodied Intelligence,2,Lux Capital; SV Angels,"VC firms Lux Capital, SV Angels, FreeS, 11.2 Capital, and A. Capital also supplied capital."
recipient,University at Albany,2,IBM; State of New York,"Gov. Kathy Hochul on Monday announced the formation of the Center for Emerging Artificial Intelligence Systems (CEAIS) at the University at Albany, a $20 million collaboration between UAlbany and IBM "
recipient,Antimetal,2,Daniel Gross; Nat Friedman,"Their latest investment was in Antimetal as part of their Series A on June 12, 2025."
recipient,PIBBSS,2,LTFF; Survival and Flourishing Fund,the new summer fellowship Principles of Intelligent Behavior in Biological and Social Systems (PIBBSS) (funded by the LTFF)
recipient,AI Security Institute's Alignment Project,2,Microsoft; OpenAI,"Some £27 million will now be made available through the fund, supporting research efforts to ensure AI systems work as they're supposed to, with £5.6 million coming from OpenAI, and additional support"
recipient,DAIR (Distributed AI Research Institute),2,Ford Foundation; MacArthur Foundation,"So far the institute has raised $3.7 million, from the Ford Foundation, the MacArthur Foundation, the Kapor Center and the Open Society Foundation."
recipient,Allen Institute for Artificial Intelligence,2,NVIDIA; U.S. National Science Foundation,Ai2 has been awarded $75 million from the U.S. National Science Foundation (NSF) and $77 million from NVIDIA as part of a jointly funded project with the NSF and NVIDIA to advance our research and dev
recipient,AI.Humanity Seed Grant Program recipients,1,Emory University,"Emory University and Georgia Institute of Technology have announced the inaugural recipients of the $100,000 seed funding as part of their collaborative AI.Humanity Seed Grant Program."
recipient,AKG Group,1,Kartik Hosanagar,"Putting his money where his mouth is, Prof. Hosanagar will also function as an investor in AKG Group, thus signaling his confidence in the pioneering work done at AKG"
recipient,AMAG Consulting LLC,1,National Institute of Standards and Technology,"AMAG Consulting LLC (Schenectady, New York) — $400,000 Scanning electron microscope simulation charging validation and improvements"
recipient,ASTM International,1,National Institute of Standards and Technology,NIST Awards $15 Million to ASTM International to Establish Standardization Center of Excellence
recipient,Aalto University Department of Computer Science,1,Kyunghyun Cho,"Kyunghyun Cho, Associate Professor at New York University and an alumnus of Aalto University School of Science, has made a significant donation of 30,000 euros to the Department of Computer Science."
recipient,Aaron Maiwald,1,BlueDot Impact,"Aaron Maiwald received $5,000 to attend a biosecurity conference in DC, travel to SF, and connect with senior folks in the field to accelerate his journey."
recipient,Abnormal AI,1,Menlo Ventures,"2020 – Partnered, Series B"
recipient,Accordance,1,Khosla Ventures,The funding includes $10M in seed funding led by Khosla Ventures along with $3M in pre-seed funding led by General Catalyst.
recipient,Advanced Connectivity Technologies programme recipients,1,"Department for Science, Innovation and Technology","Innovate UK, part of UK Research and Innovation (UKRI), will invest up to £25 million from the ACT R&D programme, funded through DSIT."
recipient,Against Malaria Foundation (AMF),1,Peter Wildeford,How I Raised $5010.32 for AMF and How You Can Too!
recipient,Aidan O'Gara,1,Manifund,$100K Aidan O'Gara I'm an AI Grantmaker at Longview and an AI DPhil Student at Oxford
recipient,Akave,1,Protocol Labs,"Akave, a Wilmington, DE-based enterprise cloud infrastructure company, raised $6.65M in funding. Backers included Protocol Labs, No Limit Holdings, Blockchange, Lightshift, Blockchain Builders Fund, B"
recipient,Akbir Khan,1,AI Risk Mitigation Fund,"Akbir Khan University College London Technical research Compute for empirical work on AI Safety Via Debate $55,000"
recipient,Alan Chan,1,AI Risk Mitigation Fund,"Alan Chan Mila Building research capacity 4-month stipend for a research visit to collaborate with academics in Cambridge on evaluating non-myopia in language models and RLHF systems $12,321"
recipient,Alden Scientific,1,ARPA-H,"The Advanced Research Projects Agency for Health (ARPA-H) has announced the first research teams for its $139 million initiative, EVIDENT... The research teams are led by Alden Scientific, in MA, and "
recipient,Alexander Turner,1,AI Risk Mitigation Fund,"Alexander Turner Oregon State University Technical research Year-long stipend for research into shard theory and mechanistic interpretability in reinforcement learning $220,000"
recipient,Alien,1,Juniper Ventures,"Alien | April, 03 ,2026 | Pre-Seed | $7,100,000"
recipient,Alignment Research Center,1,Future of Life Institute,"Support for the Alignment Research Center (ARC) Evaluation (Evals) Team. Amount recommended $1,401,000.00"
recipient,Alignment researchers,1,AI Alignment Foundation,We identify brilliant researchers working ahead of consensus and give them what they need to succeed.
recipient,Alltius,1,Kartik Hosanagar,"Their latest investment was in Alltius as part of their Pre-Seed on May 30, 2023."
recipient,Amazon Web Services,1,General Services Administration,"Today, the U.S. General Services Administration (GSA) announced an innovative OneGov agreement with Amazon Web Services (AWS) to provide up to $1 billion in savings for cloud adoption, modernization, "
recipient,"American Indians, Alaska Natives, and Native Hawaiians",1,U.S. Department of Labor,"The U.S. Department of Labor today announced the availability of approximately $76 million in funding to advance employment and training assistance to American Indians, Alaska Natives, and Native Hawa"
recipient,American universities including Harvard,1,Huawei,"Huawei is the sole funder of a research competition that has awarded millions of dollars since its inception in 2022 and attracted hundreds of proposals from scientists around the world, including tho"
recipient,Andrew Tulloch,1,Meta,"The most expensive individual hire was co-founder Andrew Tulloch, who reportedly received a $1.5 billion package over six years."
recipient,Annapurna Labs,1,Amazon,"He also spearheaded the 2015 acquisition of Annapurna Labs, which designs Amazon's custom chips."
recipient,Anthropic AI Safety Fellows,1,Anthropic,"The four-month program provides a weekly stipend of $3,850, approximately $15,000 per month in compute credits, and direct mentorship from Anthropic's research team."
recipient,Anusandhan National Research Foundation,1,Qualcomm,Qualcomm Technologies will contribute up to ₹90 crore over the next five years to support ANRF's mission-driven research programs.
recipient,Apache Software Foundation,1,Anthropic,The Responsible AI initiative is seeded by an initial $1.5-million charitable contribution provided to the ASF by Anthropic
recipient,Applied Imaging Solutions LLC,1,National Institute of Standards and Technology,"Applied Imaging Solutions LLC (Quincy, Massachusetts) — $400,000 Online"
recipient,Applied Intuition,1,Lux Capital,"Lux was a seed-stage investor in Anduril, which was last valued at $30.5 billion, and Applied Intuition, an autonomous vehicle startup that secured contracts with the Pentagon and was valued at $15 bi"
recipient,Ash Institute for Democratic Governance and Innovation,1,IBM,"IBM and the Ash Institute for Democratic Governance and Innovation at the Kennedy School of Government (KSG) recently announced the creation of a $100,000 award program to recognize the world's most t"
recipient,Ashwinee Panda,1,FAR.AI,"Securing Alignment Ashwinee Panda, University of Maryland College Park"
recipient,"Ashwinee Panda, University of Maryland College Park",1,FAR.AI,"Securing Alignment - Ashwinee Panda, University of Maryland College Park - Developing methods to make alignment more secure against jailbreaks, prefilling attacks, and finetuning attacks, with approac"
recipient,Astra Fellowship participants,1,Constellation Institute,"Apply to Astra, our fully-funded AI safety fellowship. A fully-funded, in-person program pairing emerging researchers with senior advisors in technical safety, governance, strategy, or field-building."
recipient,Asymmetric Security,1,Halcyon Futures,"Halcyon Futures raises $4,200,000 at Pre-Seed on 2026-01-23"
recipient,Athena 2.0,1,Manifund,"$8,000raised $80,000funding goal"
recipient,Athena Mentorship Program for Women,1,Manifund,"$20,000raised $20,000funding goal Fully funded and not currently accepting donations."
recipient,Atla,1,Steve Huffman,12/7/2023 Seed VC Atla $5M
recipient,Augment,1,8VC,"Earlier this year, we led Augment's $25 million seed round, our second time backing Harish Abbott(CEO) and Art Rivilis(CTO)."
recipient,Axiamatic,1,Greylock,"We are excited to announce that Axiamatic is coming out of stealth with $54M in financing, including a Series Seed led by Greylock and a Series A financing led by our friends at Bessemer"
recipient,BAE Systems,1,DARPA,The Defense Advanced Research Projects Agency (DARPA) has awarded BAE Systems' (LON:BA) FAST Labs™ research and development organization a $4 million contract for Phase 1 of the Artificial Intelligenc
recipient,Back-to-school grants programs,1,American Federation of Teachers,"More than$500,000 in back-to-school grants focused on addressing the challenges students face today and creating opportunities for tomorrow, tackling learning loss and loneliness, and focusing on lite"
recipient,Beacon,1,Fidji Simo,11/4/2025 Series B Beacon $250M Yes
recipient,Bloomberg Philanthropies,1,Bloomberg L.P.,"The vast majority of the profits from Bloomberg L.P., the global financial technology, data, and media company that Mike founded in 1981, go to support the work of Bloomberg Philanthropies."
recipient,"Blue Origin, Inc.",1,State of Texas,"The Texas Space Commission (TSC) announced a Space Exploration & Aeronautics Research Fund (SEARF) grant of up to $7,000,000 has been awarded to Blue Origin, Inc. for enhancing their subcooling propel"
recipient,Blueprint,1,Emmett Shear,10/28/2025 Series A Blueprint $60M Yes
recipient,Bonaventure Dossou,1,Mozilla Foundation,"Twice a year we award a number of small grants to a collection of social change agents, no strings attached, in support of their work. We call these Flash Grants and recipients are selected based on n"
recipient,Borderless AI,1,Ivan Zhang,"Their latest investment was Seed Round - Borderless AI on Jan 16, 2025"
recipient,Brain Co.,1,Fidji Simo,9/10/2025 Series A Brain Co. $30M Yes
recipient,Braintrust,1,Arthur Mensch,"Search found documented investments: Oct 8, 2024 – Braintrust (Series A) and Mar 3, 2025 – Lemni Technologies (Seed)."
recipient,CFAR,1,Zvi Mowshowitz,"I am giving $4000 to CFAR, the Center for Applied Rationality, as part of their annual fundraiser."
recipient,Caleb Withers,1,AI Risk Mitigation Fund,"Caleb Withers Various Policy Exploratory research on machine learning, China's attitude towards AI, and cybersecurity $15,000"
recipient,California Workforce Development Board and California Department of Transportation,1,State of California,The California Workforce Development Board (CWDB) and the California Department of Transportation (Caltrans) have announced the availability of $8 million in grant funding for Round One of the High Ro
recipient,Callosum,1,Plural,"Today, Plural is investing $10.25m into Callosum, a startup building a new class of company to enable more diverse, powerful and efficient compute"
recipient,Capital One AI Research Neighborhood,1,University of Virginia,"The partnership includes a $2 million investment to create the Capital One AI Research Neighborhood within UVA Engineering's future Whitehead Road Engineering Academic Building, which will be matched "
recipient,Captions,1,Jacob Andreou,"Jacob Andreou has made 1 investments. Their latest investment was in Captions as part of their Series A on January 01, 2022."
recipient,Cardiff University,1,Huawei,"EPSRC Centre for Doctoral Training in Compound Semiconductor Manufacturing | Cardiff University | 6,870,689"
recipient,Cassini Fund,1,European Union,Le commissaire européen au Marché intérieur Thierry Breton a lancé mardi lors de la 14e conférence spatiale européenne à Bruxelles ce fonds doté d'un milliard d'euros sur les cinq prochaines années po
recipient,"Center for AI Safety, Inc.",1,Future of Life Institute,"General support. The Center for AI Safety (CAIS) exists to ensure the safe development and deployment of AI. Published by the Future of Life Institute on 6 July, 2023"
recipient,"Center for Mind, Brain, and Consciousness (NYU)",1,Macroscopic Ventures,We have supported their work on AI consciousness and welfare.
recipient,Centre for Human-Inspired Artificial Intelligence (CHIA),1,Google,"Google has also become the first funding partner for the university's Centre for Human-Inspired Artificial Intelligence (CHIA), led by Professor Anna Korhonen, Professor Per Ola Kristensson and Dr. Jo"
recipient,Chinese Educational Commission,1,Carnegie Corporation of New York,"For its first international grant, Carnegie Corporation of New York gives $200,000 (nearly $5 million in 2021) to the commission to defray the cost of support of 275 Chinese students studying at U.S. "
recipient,Christian Schroeder de Witt,1,Cooperative AI Foundation,"Jakob Foerster and Christian Schroeder de Witt GBP 166,370 2021-2023 University of Oxford This grant helps support the establishment of the Foerster Lab for AI Research (FLAIR) at the University of Ox"
recipient,Civic Hall,1,Craig Newmark Philanthropies,"Civic Hall, the nation's leading center for learning and collaboration that advances technology for the public good, announces $5 million in philanthropic funding from Craig Newmark Philanthropies."
recipient,ClearGuide Medical,1,National Institutes of Health,"The National Institutes of Health have awarded ClearGuide Medical, a tech startup co-founded by Department of Computer Science Chair Gregory D. Hager, a two-year, $1.5 million SBIR Phase II award."
recipient,Coefficient Giving,1,Good Ventures,"Since its founding, Coefficient Giving has directed more than $4 billion in philanthropic funds, working closely with Good Ventures, the charitable foundation of Dustin Moskovitz and Cari Tuna."
recipient,Community Collaboration Fund,1,Office of the Governor of Indiana,"Indiana Governor Mike Braun announced the allocation of up to $1 million to the state's Community Collaboration Fund (CCF), making additional funding available to support community-led projects focuse"
recipient,Composite,1,Nat Friedman,"Composite, a startup that automates web workflows directly inside browsers, announced on Oct. 1 that it raised $5.6 million in seed funding led by former GitHub CEO Nat Friedman and NFDG co-founder Da"
recipient,Corridor,1,Mike Krieger,"Their latest investment was in Corridor as part of their Series A on March 18, 2026."
recipient,Cove,1,Allie K. Miller,"Their latest investment was in Cove as part of their Seed VC on October 08, 2024."
recipient,Critical Minerals Infrastructure Fund projects,1,Government of Canada,The CMIF is providing up to $1.5 billion in federal funding until 2030 for clean energy and transportation infrastructure projects necessary to enable the sustainable development and expansion of crit
recipient,"Critical Minerals Research, Development and Demonstration program projects",1,Government of Canada,"Up to $27.5 million under the Critical Minerals Research, Development and Demonstration program for three projects to develop cutting-edge mining technologies."
recipient,Cylake,1,Greylock,"We are excited to announce that Greylock led a $45M seed round in Cylake, a startup focused on building the industry's leading AI-native cybersecurity for customers that require total data sovereignty"
recipient,Czech Association for Effective Altruism,1,CEA,"I believe that in the time they bought with the donation, they were able to more easily secure substantial funding from CEA and other funders"
recipient,Data & Society Research Institute,1,MacArthur Foundation,Data & Society Research Institute - MacArthur Foundation
recipient,Data Workers' Inquiry researchers,1,Weizenbaum Institute,"They are paid the same wage—€35 per hour—as any other academic researcher at the Weizenbaum Institute in Germany, where Miceli is based."
recipient,DeepMind Technologies Ltd,1,Google Inc,"Google Inc said on Sunday it had agreed to acquire privately held artificial intelligence company DeepMind Technologies Ltd. Technology news website Re/code, which reported news of the deal earlier, s"
recipient,DeepTechXL Fund I,1,ASML,"Strategic investors and co-initiators of the fund include ASML, Philips, Brabantse Ontwikkelings Maatschappij (BOM) and research institute TNO."
recipient,Delaware Innovation Space,1,U.S. Department of Commerce,"This week, U.S. Sen. Chris Coons (D-Del.) joined the state governor and delegation members to announce a $1.5 million grant award from the U.S. Department of Commerce and the Economic Development Admi"
recipient,Draper,1,ARPA-H,Draper recently received an up to $26.7 million other transaction award (OTA) from the Advanced Research Projects Agency for Health (ARPA-H).
recipient,DreamYard Project,1,OpenAI Foundation,"Grant (2024-07-11): USD 30,000 - 1 investor, led by OpenAI Foundation"
recipient,Effective Altruists of Berkeley,1,Good Ventures,"The Open Philanthropy Project spoke with Ajeya Cotra, Oliver Habryka, Rohin Shah, and Davis Foote of Effective Altruists of Berkeley (EA Berkeley) as a follow-up to a $10,000 Good Ventures grant to te"
recipient,Ego,1,Sam Lessin,"Their latest investment was in Ego as part of their Pre-Seed on May 28, 2025."
recipient,Eitán Sprejer,1,BlueDot Impact,"Eitán Sprejer received $4,200 in facilitator stipends to run our Technical AI Safety Projects Sprint at BAISH in Buenos Aires, accessing a new and underleveraged talent pool for AI safety work."
recipient,Elmnts,1,Brian Long,"Their latest investment was in Elmnts as part of their Pre-Seed on August 05, 2024."
recipient,Empire AI Consortium,1,State of New York,Empire AI Consortium is sponsored by State of New York. Establishes a state-of-the-art AI computing center at the University at Buffalo to advance AI research and applications.
recipient,Energy Innovation Program projects,1,Government of Canada,"Up to $17.8 million under the Energy Innovation Program for four projects to advance clean energy technologies that improve the reliability, affordability and climate competitiveness of Canada's energ"
recipient,Enveil,1,In-Q-Tel,"Enveil, a pioneering data security company protecting Data in Use, today announced a strategic partnership with and investment from In-Q-Tel (IQT), the nonprofit strategic investor that identifies and"
recipient,Ethics and Governance of Artificial Intelligence Fund,1,Reid Hoffman,"Hoffman and Omidyar Network each committed $10 million to the fund, while Knight Foundation committed $5 million."
recipient,External alignment researchers,1,Anthropic,Anthropic supports external AI alignment research through grants and collaborations with academic researchers.
recipient,Ezee Assist,1,Ajay Agrawal,"Their latest investment was in Ezee Assist as part of their Pre-Seed - II on December 07, 2023. $0.34M"
recipient,FAST (Faculty and Students Together) Funds,1,American Federation of Teachers,"$90,000 in support of FAST (Faculty and Students Together) Fund s, which provide housing, food, healthcare and other immediate support to students on college campuses"
recipient,Fathom (YC W21),1,Emmett Shear,"Angel Investor 2021- 2021 Fathom records, transcribes, and summarizes meetings for enhanced productivity."
recipient,Fellows,1,Institute for AI Policy and Strategy (IAPS),"Senior Fellows will receive $22,000 and Fellows will receive $15,000 as a stipend to work full-time during the 3-month program."
recipient,Fellows (early-career journalists),1,Tarbell Center for AI Journalism,"Tarbell Fellowship– A 12-month program providing early-career journalists with AI training, a stipend of up to $70,000, and a 9-month placement at a major newsroom"
recipient,Finster,1,Ivan Zhang,"Dec 12, 2023 Finster Seed $1.75M"
recipient,First and Last Mile Fund projects,1,Government of Canada,"Up to $114.9 million under the First and Last Mile Fund (formerly the Critical Minerals Infrastructure Fund) for one approved and four conditionally funded projects, pending final due diligence, to un"
recipient,Florian Tramer,1,FAR.AI,"Failure Modes in Superhuman Systems Florian Tramer, ETH Zurich"
recipient,"Florian Tramer, ETH Zurich",1,FAR.AI,"Failure Modes in Superhuman Systems - Florian Tramer, ETH Zurich - Broad project examining robustness across four vectors: data poisoning, consistency checks, model stealing, and prompt injection."
recipient,Francis Doyle,1,National Institutes of Health,"Institutions must file significant disclosures to the National Institutes of Health if they determine financial relationships could affect the design, conduct or reporting of the NIH-funded research. "
recipient,Freed,1,Daniel Gross,3/5/2025 Series A Freed $30M Yes
recipient,Future of Privacy Forum,1,Department of Energy,"I am seeking information about FPF's use of grant funding from the National Science Foundation (NSF) and Department of Energy (DOE) to help federal agencies ""support the equitable use of AI"" and to co"
recipient,G42,1,Microsoft,"G42, the leading UAE-based artificial intelligence (AI) technology holding company, and Microsoft Corp. today announced a $1.5 billion strategic investment by Microsoft in G42."
recipient,GE HealthCare,1,ARPA-H,"Award Date March 16, 2026 Award Amount Up to $26M Prime Awardee GE HealthCare"
recipient,Gabriel Mukobi,1,LTFF,"**Gabriel Mukobi ($40,680) **-"
recipient,Global AI Opportunity Fund,1,Google,Google CEO Sundar Pichai described AI as 'the most transformative technology yet' and announced a new fund for AI education and training around the world... Google is creating a $120 million Global AI
recipient,Global Challenges Prize 2017 winners,1,Global Challenges Foundation,"A US$5 million prize competition is seeking to identify new models of global cooperation to handle the most serious threats to humanity including climate change, weapons of mass destruction and extrem"
recipient,GlobalFoundries,1,U.S. Department of Commerce,U.S. Senate Majority Leader Charles E. Schumer today announced GlobalFoundries has reached a $1.5 billion preliminary memorandum of terms (PMT) funding agreement with the U.S. Department of Commerce u
recipient,Glowstick,1,Jean-François Gagné,"Jean-Francois Gagné has made 2 investments. Their latest investment was in Glowstick as part of their Pre-Seed on March 02, 2023."
recipient,Grant for the Web program,1,Mozilla Foundation,"Funded and led by Coil in collaboration with Mozilla and Creative Commons, Grant for the Web is a $100 million fund to empower individual creators, galvanize open-standard monetization service provide"
recipient,HUMAIN Ventures,1,Public Investment Fund,"HUMAIN, the Kingdom's AI startup supported by the Public Investment Fund (PIF), has announced plans to roll out a $10 billion venture capital fund this summer."
recipient,Hadfield-Menell Lab at MIT,1,Founders Pledge,AI Alignment Research at Hadfield-Menell's Lab at MIT
recipient,Haize Labs,1,Juniper Ventures,Notable pre-seed investments include Goodfire and Haize Labs
recipient,Hangzhou DeepSeek Artificial Intelligence,1,Liang Wenfeng,"After the capital injection, Liang Wenfeng's registered capital has risen to CNY5.1 million (USD746 million) from CNY100,000 (USD14,644) and his shareholding ratio has jumped to 34 percent from 1 perc"
recipient,Harvey,1,Elad Gil,"Harvey raised $300,000,000/Series D from Coatue and 7 other investors"
recipient,Hashmi for Lt Governor - Ghazala,1,Mark Warner,"$25,000 | Hashmi for Lt Governor - Ghazala"
recipient,Helical,1,Ivan Zhang,"Their most recent investment was in Helical(Seed Round) on Jun 28, 2024."
recipient,Hinton Chair in Artificial Intelligence,1,University of Toronto,U of T is matching Google's support with an additional $10 million in funding.
recipient,INHealthVI,1,ARPA-H,"The Advanced Research Projects Agency for Health (ARPA-H) has announced the first research teams for its $139 million initiative, EVIDENT... The research teams are led by Alden Scientific, in MA, and "
recipient,Imbue,1,Tom Brown,"Their latest investment was in Imbue as part of their Series A on October 20, 2022."
recipient,Incubator participants,1,Constellation Institute,"We provide four months of funding, operational support, and access to our expert network."
recipient,India AI infrastructure,1,Microsoft,Microsoft CEO Satya Nadella has announced an investment of $17.5 billion by 2030 to help build infrastructure and sovereign capabilities for the country's AI-first future
recipient,India startups,1,Qualcomm,US-based Qualcomm said it intends to invest up to $150 million in startups across all stages to support India's rapidly expanding technology and AI startup ecosystem.
recipient,Indian AI startups,1,Qualcomm,the chip major on Wednesday announced plans to invest up to $150 million through Qualcomm Ventures to back Indian startups across all stages.
recipient,Indigenous Natural Resource Partnerships program projects,1,Government of Canada,Up to $2.8 million under the Indigenous Natural Resource Partnerships program for three projects to increase the economic participation of Indigenous communities and organizations in natural resource 
recipient,Infisical,1,Elad Gil,"Infisical's now raised a $16 million Series A, led by Elad Gil."
recipient,Institute for Law and Ai,1,Good Ventures Foundation,"Good Ventures Foundation | 2024-06 | Summer Research Fellowship in Law & Ai | $75,000"
recipient,Intel,1,U.S. Department of Commerce,"Today, President Biden awarded $8.5 billion to Intel to help fund semiconductor factories in Arizona, Ohio, New Mexico and Oregon."
recipient,International Union of Painters and Allied Trades Political Action Together Political Comm,1,Sean McGarvey,"International Union of Painters and Allied Trades Political Action Together Political Comm • 9 contributions · 3,065 USD ('97→'09)"
recipient,Internship Programme participants,1,Orion AI Governance Initiative,"The Internship Programme places a limited number of Accelerator participants with think tanks and AI governance organisations for approximately 3-month paid placements (at £3,200 per month)"
recipient,Isaacson School for New Media at Colorado Mountain College,1,Walter Isaacson,"Thanks to a donation from Walter Isaacson, students at the Isaacson School for New Media at Colorado Mountain College will have free access to the world-class Aspen Institute events all year-round in "
recipient,Iupat Member and Family Fundraising PC Account,1,Sean McGarvey,Iupat Member and Family Fundraising PC Account • 2 contributions · 750 USD ('03→'04)
recipient,"IvySys Technologies, LLC",1,DARPA,"IvySys Technologies, LLC has been awarded funding under the Embedded Entrepreneur Initiative (EEI), sponsored by the Defense Advanced Research Projects Agency (DARPA)."
recipient,Jakob Foerster,1,Cooperative AI Foundation,"Jakob Foerster and Christian Schroeder de Witt GBP 166,370 2021-2023 University of Oxford This grant helps support the establishment of the Foerster Lab for AI Research (FLAIR) at the University of Ox"
recipient,Jakob Foerster and Christian Schroeder de Witt,1,Cooperative AI Foundation,"This grant helps support the establishment of the Foerster Lab for AI Research (FLAIR) at the University of Oxford, which is focused broadly on the issue of machine learning in multi-agent settings."
recipient,Jaron Lanier startup,1,Adobe,"Lanier was a founder or principal of four startups presently owned by Oracle, Adobe, Google, and Pfizer."
recipient,Jessica Rumbelow,1,AI Risk Mitigation Fund,"Jessica Rumbelow Leap Laboratories Technical AI safety research Seed funding for a new AI interpretability research organization $195,000"
recipient,Johns Hopkins University Applied Physics Laboratory,1,Department of Defense,"The Johns Hopkins University Applied Physics Laboratory (JHU/APL), Laurel, Maryland, is awarded a $2,351,000,000 cost-plus-fixed-fee, indefinite-delivery/indefinite-quantity, contract ceiling increase"
recipient,Joshua Clymer,1,Long-Term Future Fund,"The Long-Term Future Fund provided a $1,500 grant to Joshua Clymer for compute funds to rent A100 GPUs for experiment"
recipient,Justin Dollman,1,BlueDot Impact,"Justin Dollman received $3,000 to lead our weekly evals reading group, coordinating a growing community of people learning about and working on model evaluations."
recipient,K-12 public schools and community colleges,1,California Department of General Services,"General Services helps to better serve the public by providing a variety of services to state agencies through procurement and acquisition solutions, real estate management and design, environmentally"
recipient,"K-12 schools, colleges, nonprofits, public agencies, and other organizations",1,Department of Homeland Security,"These grants can also be used to support K-12 schools, colleges, nonprofits, public agencies, and other organizations responsible for keeping people safe."
recipient,KAIST,1,Kyunghyun Cho,"Professor Kyunghyun Cho (36) of New York University, this year's winner of the Samsung Ho-Am Prize in Engineering, has donated 100 million won of his prize money to establish a scholarship for student"
recipient,KAUST tech startups fund,1,Mohammed bin Salman,"The strategy will adopt a three-pronged approach: launching the National Transformation Institute for Applied Research (NTI) to accelerate technology development and commercialization, restructuring r"
recipient,Kamala Harris campaign,1,Reid Hoffman,"The campaign has taken money from LinkedIn co-founder Reid Hoffman and Barry Diller, the chair and senior executive of IAC and Expedia Group."
recipient,Kamer Daron Acemoglu,1,Carnegie Corporation of New York,"2017 | Kamer Daron Acemoglu | $200,000 | Andrew Carnegie Fellows"
recipient,Kayhan Space,1,Jacob Helberg,Jacob Helberg is a Angel/Individual based in with a diverse investment portfolio that includes companies such as Kayhan Space
recipient,Kindling,1,Ben Thompson,"Their latest investment was in Kindling as part of their Pre-Seed on April 22, 2024."
recipient,Kitware Inc.,1,DARPA,Turek has made significant contributions to multiple DARPA and Air Force Research Lab (AFRL) efforts and has transitioned large scale systems for operational use.
recipient,"Korean universities, research institutes, corporate R&D centers, and startups",1,Institute for Information & Communications Technology Planning & Evaluation,The Institute for Information & Communications Technology Planning & Evaluation (IITP) AI Convergence Technology R&D Grant supports advanced AI research and development projects that combine AI with o
recipient,LASR Labs,1,Arcadia Impact,The programme is supported by Arcadia Impact.
recipient,"Lake, Orange, Riverside, Sacramento, Santa Clara, Solano, Yolo and Yuba regions",1,State of California,"Governor Gavin Newsom today continued state support for local communities with $145.4 million in Homelessness Housing, Assistance and Prevention (HHAP) program funding to prevent and address homelessn"
recipient,Lambda,1,Andrej Karpathy,"Earlier this month, Karpathy participated in a $480 million round in Lambda, an A.I. infrastructure startup backed by Nvidia and Cathie Wood's Ark Invest, among others."
recipient,Langsikt - Centre for Long-Term Policy,1,Astralis Foundation,"For example, we supported Langsikt - Centre for Long-Term Policy in producing evidence-based recommendations on beneficial AI for Norwegian policymakers."
recipient,Lawyers and legal professionals,1,Legal Advocates for Safe Science and Technology,Grants to cover attorney fees and other legal expenses. Attorney fees for pre- and post-disclosure legal advice. Expenses related to impact litigation on AI safety. Legal expenses from anti-retaliatio
recipient,Leap Motion,1,Founders Fund,"Leap Motion, operating out of San Francisco, secured $1.3 million from Andreessen Horowitz and Founders Fund."
recipient,Lemni Technologies,1,Arthur Mensch,"Search found documented investments: Oct 8, 2024 – Braintrust (Series A) and Mar 3, 2025 – Lemni Technologies (Seed)."
recipient,Lemon Slice,1,Emmett Shear,"Their latest investment was in Lemon Slice as part of their Seed VC - II on December 23, 2025."
recipient,Liquid Intelligent Technologies,1,Cassava Technologies,"The transaction is anchored by a $195 million equity injection from Cassava Technologies, enabling Liquid to significantly reduce its leverage and expand into high-growth segments."
recipient,Lisa Thiergart,1,Manifund,"$100K Lisa Thiergart Director at SL5 Task Force, prev. Research Lead at MIRI Technical Governance Team"
recipient,Loti AI,1,Khosla Ventures,"We're thrilled to share that Loti has announced its $16.2M Series A, led by Khosla Ventures with participation from Ensemble VC, Bling Capital, and FUSE."
recipient,LucidWorks,1,In-Q-Tel,"LucidWorks, a commercial open source company dedicated to supporting Apache Lucene and Solr search technologies, today announced a strategic investment from In-Q-Tel (IQT), the independent strategic i"
recipient,Luma AI,1,Anjney Midha,"Their latest investment was in Luma AI as part of their Series B on January 09, 2024."
recipient,MARS Programme,1,Cambridge AI Safety Hub,"July 7–13 in Cambridge, with accommodation and travel support provided."
recipient,MATS Fellowship recipients,1,MATS (ML Alignment Theory Scholars),"Fellows work on technical alignment research for several months, receiving stipends and mentorship."
recipient,MATS Program scholars,1,MATS (ML Alignment Theory Scholars),The program does not charge tuition and provides stipends to c
recipient,MIT AI Alignment,1,Cambridge Boston Alignment Initiative,"Donate via every.org if you would like to support our work. Donations can be marked for MAIA or for the Cambridge Boston Alignment Initiative (CBAI), which supports both the student groups AISST at Ha"
recipient,MIT Intelligence Quest,1,Eric Schmidt,"Alphabet senior advisor and former executive chairman and CEO of Google Eric Schmidt and his wife, Wendy, have pledged to help fund MIT's recently announced intelligence initiative, the MIT Intelligen"
recipient,MIT Work of the Future Task Force,1,Ford Foundation,The MIT Work of the Future Task Force thanks the following organizations for their collaboration and support.
recipient,MITRE Corp.,1,National Institute of Standards and Technology,"In December, NIST announced a $20 million partnership with the nonprofit MITRE Corp. to establish two research centers focused on applying AI to manufacturing and cybersecurity."
recipient,Manas AI,1,Reid Hoffman,LinkedIn founder Reid Hoffman and oncologist Siddhartha Mukherjee raised $24.6 million in a seed round to launch an artificial intelligence startup focused on drug development.
recipient,MatX,1,John Collison,2/24/2026 Series B MatX $500M Yes
recipient,Matthew Salganik,1,National Institutes of Health,"Salganik's research has been funded by grants from the National Science Foundation, National Institutes of Health, Joint United Nations Program for HIV/AIDS (UNAIDS), Russell Sage Foundation, Alfred P"
recipient,Max Chiswick,1,MIRI,He received a grant from MIRI to upskill in machine learning and then joined the AI Safety Camp as a participant in 2020 and as an organizer in 2021.
recipient,McKinstry Essention LLC,1,State of Colorado,McKinstry Essention LLC for $1.3 million to expand a downtown Vail thermal energy network
recipient,Merge Labs,1,OpenAI,Merge Labs has raised a $252 million seed round at a $850 valuation with a large investment coming from OpenAI.
recipient,Michigan Manufacturing Technology Center,1,National Institute of Standards and Technology,"U.S. Senator Gary Peters (MI) announced $400,000 in federal funding for the Michigan Manufacturing Technology Center, Michigan's Manufacturing Extension Partnership (MEP) program, to help manufacturer"
recipient,Micron,1,U.S. Department of Commerce,U.S. Senate Majority Leader Chuck Schumer today announced Micron and the Department of Commerce have finalized its CHIPS agreement for up to $6.1 billion in direct funding through the bipartisan CHIPS
recipient,Micron Technology,1,U.S. Department of Commerce,U.S. Sen. Mark R. Warner (D-VA) announced that the U.S. Department of Commerce has signed a preliminary agreement for up to $275 million in federal funding for Micron Technology to expand and moderniz
recipient,Modem,1,Ivan Zhang,"Their latest investment was in Modem as part of their Pre-Seed on February 10, 2026."
recipient,Monaco,1,John Collison,2/11/2026 Series A Monaco $25M Yes
recipient,MosaicML,1,Lux Capital,"The firm's early-stage AI investments include Hugging Face, Runway AI, and MosaicML, the latter of which was acquired by Databricks for $1.3 billion in 2023."
recipient,NSF FINDERS FOUNDRY program participants,1,U.S. National Science Foundation,The NSF FINDERS FOUNDRY program is supported through an agreement with philanthropic partners. Funding up to $8.5 million will be provided across two award phases: planning and development.
recipient,"NYU Mind, Ethics, and Policy",1,The Navigation Fund,"Announcing a $6,000,000 endowment for NYU Mind, Ethics, and Policy"
recipient,Natcast,1,U.S. Department of Commerce,Department of Commerce Finalizes Long-Term Partnership with Natcast to Operate the National Semiconductor Technology Center
recipient,National 4-H Council,1,Microsoft,National 4-H Council and Microsoft Extend $10M Partnership to Expand AI Education for Rural Youth and Educators
recipient,National AI Research Resource (NAIRR) pilot,1,Microsoft,"As part of our commitment to the NAIRR pilot, Microsoft has offered $20 million in Microsoft Azure compute credits."
recipient,National Artificial Intelligence Research Institutes,1,U.S. National Science Foundation,"The U.S. National Science Foundation, in partnership with Capital One and Intel, today announced a $100 million investment to support five National Artificial Intelligence Research Institutes and a ce"
recipient,Nebius,1,Meta,"The expansion follows a $27 billion infrastructure deal signed with Nebius in March 2026, under which the Dutch operator will supply dedicated compute."
recipient,Nebraska Department of Transportation,1,Department of Transportation,"Today, U.S. Senator Pete Ricketts (R-NE) announced $21,172,718 in federal funding he helped to secure for the Nebraska Department of Transportation (NDOT) to reconstruct approximately 9 miles of Inter"
recipient,Neel Nanda,1,Manifund,$250K Neel Nanda Lead of mech interp team at Google DeepMind
recipient,New Priorities Foundation,1,Effective Institutions Project,"New Priorities Foundation | Ai Governance Research Project | 2024-12 | $25,000"
recipient,New York Public Library,1,Carnegie Corporation of New York,"This includes the Schomburg Center for Research in Black Culture, which is seeded in 1926 with the help of a $10,000 grant from the Corporation, allowing the New York Public Library to acquire collect"
recipient,New York Times Company,1,Carnegie Corporation of New York,"2025 | New York Times Company | $150,000 | International Program"
recipient,Newark Public Schools Red Hawks Rising Teacher Academy,1,American Federation of Teachers,"These stipends will provide up to $125,000 for students in the program during the 2022 spring and summer terms"
recipient,Nicholas Tomlin,1,FAR.AI,"Explaining Superhuman AI Decisions Nicholas Tomlin, UC Berkeley"
recipient,"Nicholas Tomlin, UC Berkeley",1,FAR.AI,"Explaining Superhuman AI Decisions - Nicholas Tomlin, UC Berkeley - Using weak-to-strong generalization to explain superhuman AI systems' decisions, focusing on domains like chess/Go where superhuman "
recipient,Noemi Dreksler,1,AI Risk Mitigation Fund,"Noemi Dreksler Centre for the Governance of AI Policy Two-year funding to conduct public and expert surveys on AI governance and forecasting. $231,608"
recipient,Norwich University Applied Research Institutes,1,National Institute of Standards and Technology,"U.S. Senator Peter Welch (D-Vt.) and U.S. Representative Becca Balint (VT-At-Large) announced $250,000 in federal funding has been released from the National Institute of Standards and Technology (NIS"
recipient,Nous,1,Marc Warner,"Marc Warner has made 2 investments. Their latest investment was in Nous as part of their Seed VC on February 18, 2022."
recipient,Nscale,1,Nvidia,"The Series C funding round was led by ​Norway's Aker and 8090 Industries, and ​included Nvidia, Citadel, Dell, Jane Street, among ⁠others"
recipient,Ohio faith-based and nonprofit institutions,1,Department of Homeland Security,"U.S. Senator Rob Portman (R-OH), Ranking Member of the Senate Homeland Security and Governmental Affairs Committee, announced that the Department of Homeland Security's Nonprofit Security Grant Progra"
recipient,OneWeb Ltd,1,SoftBank Group,"SoftBank Group Corp has agreed to invest $1 billion in U.S. satellite venture OneWeb Ltd, marking the first tranche of a $50 billion U.S. investment the Japanese telecoms and technology company's foun"
recipient,OpenAI Safety Fellowship participants,1,OpenAI,"The fellowship will run for six months from September 2026 to February 2027, and aims to support high-impact research on the safety and alignment of advanced AI systems. Participants will receive stip"
recipient,Oregon State University,1,Jensen Huang,"Their most notable donations include a $50 million gift to Oregon State University for AI and robotics research, a $30 million donation to Stanford University for engineering scholarships, and multi-m"
recipient,Organisation for Economic Co-operation and Development (OECD),1,Gates Foundation,To establish a digital public infrastructure (DPI) donor collaboration platform to build donors' understanding of how they can most effectively support low- and middle-income country (LMIC) efforts to
recipient,Overland AI,1,8VC,"When Overland raised a $32 million Series A earlier this month, Lonsdale told Axios that the company is in a position to become the ""next great defense prime."""
recipient,PIBBSS Fellowship,1,Cooperative AI Foundation,"PIBBSS will have a cooperative AI track this year! The fellowship runs from June to September 2025, offering funding and research support."
recipient,Packaging Machinery Manufacturers Institute,1,International Trade Administration,"With a 2020 award of $300,000, the Packaging Machinery Manufacturers Institute expanded the adoption of machinery standards."
recipient,Parallel,1,Arthur Mensch,"Their most recent investment was in Parallel(Series A Round) on Mar 19, 2026."
recipient,Partnership for Global Inclusivity on AI,1,U.S. Department of State,"The U.S. Department of State: intends to provide $10 million in Foreign Assistance, subject to the availability of funds, to close the AI access gap and promote the objectives of the Partnership, incl"
recipient,PauseAI US,1,Manifund,"$100,000raised... Money donated to this project will go to fund the operations of PauseAI US until midyear 2025."
recipient,Phylo,1,Menlo Ventures,has announced Biomni Lab and a seed funding of $13.5 million co-led by a16z and Menlo Ventures' Anthology Fund with Anthropic
recipient,Pinterest Inc.,1,Emerson Collective,"Since 2014, Emerson has backed more than 30 startups, according to research firm PitchBook, investing in a range of novel companies making everything from floating data centers to supersonic aircraft."
recipient,Pittsburgh,1,University of Pittsburgh,"Pitt is investing $5 million in the city of Pittsburgh to revitalize neighborhood business districts, enhance public safety and support city parks."
recipient,Pivotal Research,1,Good Ventures,Our Giving - Good Ventures Skip to content
recipient,Polar Semiconductor,1,U.S. Department of Commerce,Polar Semiconductor could secure up to $120 million in potential CHIPS and Science Act funding through a non-binding preliminary memorandum of terms it signed with the Department of Commerce.
recipient,"Political Educational Fund of the Building and Construction Trades Department, Afl-Cio",1,Sean McGarvey,"Political Educational Fund of the Building and Construction Trades Department, Afl-Cio • 13 contributions · 3,222 USD ('06→'10)"
recipient,"Pop-Up Magazine Productions, Inc.",1,Emerson Collective,"Acquired Pop-Up Magazine Productions, Inc. (2018-12-01)"
recipient,Press Forward coalition,1,Carnegie Corporation of New York,"Carnegie Corporation of New York announced today that it is joining a coalition of 22 philanthropic donors as part of Press Forward, an unprecedented collaboration to strengthen communities and our de"
recipient,Princeton faculty,1,The Princeton Laboratory for Artificial Intelligence,"Funding to support faculty starting new AI-related research, targeting interdisciplinary efforts exploring the impact of AI on different fields."
recipient,Princeton faculty and lecturers,1,The Princeton Laboratory for Artificial Intelligence,The Princeton Laboratory for Artificial Intelligence (AI Lab) is pleased to announce a call for proposals for theAI Seed Grant Program. Grants will be distributed in four categories
recipient,Public First,1,Public First Action,PUBLIC FIRST ACTION | COM | $1.00M
recipient,Public Interest Tech Lab,1,Ford Foundation,"She is the founder and director of the Public Interest Tech Lab, founded in 2021 with a $3 million grant from the Ford Foundation"
recipient,Pulse AI,1,Daniel Gross,2/19/2025 Seed Pulse AI $3.9M Yes
recipient,QuintessenceLabs,1,In-Q-Tel,"QuintessenceLabs, the leader in quantum-cybersecurity solutions, announced today that it secured an investment from In-Q-Tel, Inc. (IQT), the non-profit strategic investor that accelerates the develop"
recipient,Rachel Weinberg,1,Long-Term Future Fund,recieved a grant from the Long-Term Future Fund for my time learning web development
recipient,Rad AI,1,Khosla Ventures,"Rad AI, a startup that developed an AI platform for radiology, pocketed $50 million in fresh capital to expand global availability of its generative AI solutions. Khosla Ventures led the series B roun"
recipient,Recraft,1,Nat Friedman,"5/5/2025 Series B Recraft $30M No Accel, Elad Gil, Khosla Ventures, Madrona Venture Group, and RTP Global"
recipient,Recursion Pharmaceuticals,1,Lux Capital,"In addition to being early to the defense tech and AI trends, Lux has realized significant exits from its investment in AI drug discovery company Recursion Pharmaceuticals, which went public in 2021, "
recipient,"Redwood Research Group, Inc.",1,Future of Life Institute,"Amount recommended $500,000.00. General Support. Redwood Research Group's main work is doing theoretical and applied AI alignment research."
recipient,Regents of the University of California at Berkeley,1,Beneficial AI Foundation,"REGENTS OF THE UNIVERSITY OF CALIFORNIA AT BERKELEY BERKELEY, CA $230,057 (2023)"
recipient,Renaissance Philanthropy,1,Eric Schmidt,"The Schmidts are also the founding donors to Renaissance Philanthropy, though Kalil would not disclose"
recipient,Reppo Labs,1,Protocol Labs,"Funding Round•Jan 17, 2025 Reppo Labs raised $2,200,000/Seed"
recipient,Research Network on Opening Governance,1,MacArthur Foundation,Research Network on Opening Governance MacArthur Foundation Initiative to Use Big Data for Government Problem Solving
recipient,Respan,1,Y Combinator,"Respan, the first proactive AI observability platform that closes the loop from evals to production, announced today that it has raised $5M in funding from Gradient, Y Combinator, Hat-Trick Capital, X"
recipient,Riverside,1,Sam Lessin,"12/9/2024 Series C Riverside $30M Yes Seven Seven Six, and Zeev Ventures"
recipient,Rockefeller Philanthropy Advisors (RPA),1,MacArthur Foundation,"Rockefeller Philanthropy Advisors (RPA) | In Support of the Governance of Artificial Intelligence in the Public Interest | 2024-12 | $10,000,000"
recipient,Runway AI,1,Lux Capital,"The firm's early-stage AI investments include Hugging Face, Runway AI, and MosaicML, the latter of which was acquired by Databricks for $1.3 billion in 2023."
recipient,SBIR/STTR program recipients,1,NASA Ames Research Center,"The Ames Small Business Innovation Research / Small Business Technology Transfer (SBIR/STTR) program gave $31,785,029 in seed funding."
recipient,SFF,1,Jaan Tallinn,as well as pledged at least $10M to the 2025 SFF grant round
recipient,SFF applicants,1,Effective Institutions Project,EIP anticipates recommending $5–15 million in grants to SFF applicants in 2025.
recipient,Sacramento State University,1,Mark Zuckerberg,the Meta founder and CEO pledged $50 million to Sacramento State University to fuel state-of-the-art STEM labs and an AI center.
recipient,Safeguarded AI programme,1,Advanced Research and Invention Agency (ARIA),"Technical Specialist on Safeguarded AI, a ~£60M R&D programme at the UK's Advanced Research and Invention Agency (ARIA)"
recipient,Sage Bergerson,1,AI Risk Mitigation Fund,"Sage Bergerson Independent AI Policy and Governance 5-month part time stipend for collaborating on a research paper analyzing the implications of compute access with Epoch, FutureTech (MIT CSAIL), and"
recipient,Sally Gao,1,BlueDot Impact,"Sally Gao received $1,000 to run AI Safety meetups in New York, hosting guests such as Alex Bores."
recipient,"Samsung Austin Semiconductor, LLC",1,State of Texas,"Governor Greg Abbott today announced that a Texas Semiconductor Innovation Fund (TSIF) grant of $250 million has been extended to Samsung Austin Semiconductor, LLC (Samsung) for their semiconductor fa"
recipient,Samsung Electronics,1,U.S. Department of Commerce,The Department of Commerce announced it is proposing $6.4 billion dollars of direct grant funding to Samsung from the CHIPS for America Act.
recipient,San Francisco Compute,1,Macroscopic Ventures,San Francisco ComputeEarly Stage VC·Sep 2024·$15M
recipient,Senior Fellows,1,Institute for AI Policy and Strategy (IAPS),"Senior Fellows will receive $22,000 and Fellows will receive $15,000 as a stipend to work full-time during the 3-month program."
recipient,Series,1,Steve Huffman,"Their latest investment was in Series as part of their Pre-Seed on April 04, 2025. 4/4/2025 Pre-Seed Series $3.1M"
recipient,Shield Technology Partners,1,Thrive Holdings,"Shield Technology Partners (""Shield""), an IT services platform combining frontier AI, product and engineering capabilities, and operational and M&A expertise, today announced a $100 million investment"
recipient,SigIQ,1,Trevor Darrell,"Trevor Darrell has made 2 investments. Their latest investment was in SigIQ as part of their Seed VC on April 07, 2025."
recipient,Singularity Summit,1,Peter Thiel,"Starting in 2006, the Institute organized the Singularity Summit to discuss the future of AI including its risks, initially in cooperation with Stanford University and with funding from Peter Thiel."
recipient,Small Business Investment Companies,1,Small Business Administration,"The SBA doesn't invest directly into small businesses, but it does provide funding to qualified SBICs with expertise in certain sectors or industries. Those SBICs then use their private funds, along w"
recipient,Smith for Delegate - Stephen,1,Eugene Volokh,"Contribution(s) Totaling $1,000... $1,000 Smith for Delegate - Stephen"
recipient,Softbank Vision Fund,1,Public Investment Fund,"The world's largest private equity fund, backed by Japan's Softbank Group and Saudi Arabia's main sovereign wealth fund, said on Saturday it had raised over $93 billion to invest in technology sectors"
recipient,Sovereign AI Strategic Assets Grants Programme recipients,1,"Department for Science, Innovation and Technology",This initial round has £9 million available for grant awards in the range of £1 million to £9 million.
recipient,Space Exploration Technologies (SpaceX),1,Founders Fund,"Founders Fund was the first institutional investor in Space Exploration Technologies (SpaceX) and Palantir Technologies, and an early investor in Facebook."
recipient,Spanberger for Governor - Abigail,1,Mark Warner,"$30,000 | Spanberger for Governor - Abigail"
recipient,Stanford Research Teams,1,Stanford HAI,Stanford HAI awards $2.2 million for early-stage researchers to pursue new ideas in AI-related fields
recipient,Stanford University Trust for Post Retirement and Post Employment Benefits,1,Berggruen Institute,"Stanford University Trust for Post Retirement and Post Employment Benefits Bi Fellowship Ay 2018-19 2018-12 $315,352"
recipient,Stanford's Hoover Institution,1,William and Flora Hewlett Foundation,The total includes grants of $2.5 million each to Stanford's Hoover Institution and Vanderbilt University to help ensure society can take full advantage of remarkable technological advances in areas l
recipient,Stephenson Data Science Bicentennial Scholars Fund,1,University of Virginia,"Their gift, creating the Stephenson Data Science Bicentennial Scholars Fund, will be matched with an additional $10 million from the University's Bicentennial Scholars Fund for a total investment of $"
recipient,Strategic AI Research Centre,1,Future of Life Institute,the Strategic AI Research Centre (an Oxford-Cambridge collaboration recently funded by the Future of Life Institute's AI safety grants program)
recipient,Sumble,1,Nat Friedman,"Their latest investment was in Sumble as part of their Series A on October 22, 2025."
recipient,Summer Research Fellowship participants,1,Cambridge Boston Alignment Initiative,"The program provides comprehensive support including an $8,000 stipend for the two-month fellowship period, housing accommodations or a housing stipend, and daily meals."
recipient,Symbolica,1,Vinod Khosla,"Khosla initially invested $2 million to validate Symbolica's concept, impressed by its potential contribution to AI advancement."
recipient,Symbolica AI,1,Khosla Ventures,"Vinod Khosla, renowned for his early investment in OpenAI, is doubling down on AI innovation with Symbolica, a startup launching today with a $33 million Series A funding round led by Khosla Ventures."
recipient,TNW (The Next Web),1,Financial Times,The Financial Times has acquired a controlling stake in TNW (The Next Web).
recipient,TSMC Arizona Corporation,1,U.S. Department of Commerce,"Today, the Biden-Harris Administration announced that the U.S. Department of Commerce awarded TSMC Arizona Corporation (TSMC Arizona), a subsidiary of Taiwan Semiconductor Manufacturing Company Limite"
recipient,TU Berlin,1,Facebook AI Research (FAIR),Klaus-Robert Müller at TU Berlin will be the first recipent of the first donation in this new program. Dr. Müller will receive four GPU servers that will enable his team to make quicker progress in tw
recipient,Tennessee Republican Party Federal Election Account,1,Marsha Blackburn,"Tennessee Republican Party Federal Election Account • 3 contributions · 3,050 USD ('95→'02)"
recipient,Testmachine,1,Delphi Ventures,2025-12-11 Testmachine - $6.5M
recipient,Texas Instruments,1,U.S. Department of Commerce,U.S. Congressman Michael McCaul (R-Texas) released the following statement on the announcement that the U.S. Department of Commerce and Texas Instruments have signed a non-binding preliminary memorand
recipient,"The Atlantic Monthly Group, LLC",1,Emerson Collective,"Acquired The Atlantic Monthly Group, LLC (2017-07-01)"
recipient,The New York Times's Neediest Cases Fund,1,The New York Times,"On March 24, 2021, Roose published a column in The New York Times announcing an auction for the column itself to be distributed as an NFT, or non-fungible token, with proceeds going to The New York Ti"
recipient,TrueNorth,1,Delphi Ventures,Lead 2025-12-04 TrueNorth Pre-Seed $3M
recipient,Truth Terminal,1,Marc Andreessen,"Andreessen sent in $50,000 in Bitcoin to the AI bot's wallet to help fund its projects, including a token launch"
recipient,UCL,1,Huawei,"AI HUB IN GENERATIVE MODELS | UCL | 10,250,181"
recipient,UCLA Luskin School of Public Affairs,1,Berggruen Institute,"The UCLA Luskin School of Public Affairs has received a $3 million gift from the Berggruen Institute to produce and disseminate the Los Angeles–based think tank's Berggruen Governance Index, which eva"
recipient,UCLA Luskin School of Public Affairs Department of Social Welfare,1,Ballmer Group,"The UCLA Luskin School of Public Affairs has received a transformative $13.5 million award to its Department of Social Welfare, marking a pivotal moment in the school's history. This funding is a corn"
recipient,UK AI research lab,1,"Department for Science, Innovation and Technology","Bold, high-risk scientific work of this sort is precisely what the lab will support - backed by £40 million in UK government funding being confirmed today (Wednesday 4 March)."
recipient,Udacity,1,Emerson Collective,"with Scottish investment firm Baillie Gifford, Emerson Collective - a charitable organization run by Steve Jobs' widow Laurene Powell Jobs - and Google Ventures joining as new investors."
recipient,University of Cambridge Cavendish Laboratory,1,University of Cambridge,"This will be matched with a further £75 million from the University to transform the Cavendish, helping maintain Britain's position at the forefront of physical sciences research."
recipient,University of Hawaii Sea Grant College Program,1,U.S. House of Representatives,"Project Recipient: University of Hawaii Sea Grant College Program... Amount Requested: $1,000,000"
recipient,University of Michigan Computer Science and Engineering Division,1,Peter Lee,"Dr. Peter Lee (BS MS PhD CCS '82, '82, '87) and Susan Lee have made a $25,000 discretionary gift for student activities to the Computer Science and Engineering Division of EECS."
recipient,University of Southern California,1,Department of Defense,"The Department of Defense (DoD) announced on September 17, 2024 that it is directing $31.9 million in funding to the California Defense Ready Electronics and Microdevices Superhub (CA DREAMS), led by "
recipient,University of Tsukuba,1,Amazon,"Today marks the beginning of a 10-year research collaboration between Amazon, the University of Washington, the University of Tsukuba, and NVIDIA. Our $25 million investment is part of a $110 million "
recipient,University of Wisconsin-Madison Department of Sociology,1,Alex Hanna,"It's also a large part of the reason Hanna recently created the Alex and Demiana Hanna Pride Scholarship, a fund designed to support undergraduates pursuing a sociology degree who are actively committ"
recipient,University of Wisconsin-Milwaukee,1,Satya Nadella,Microsoft CEO Satya Nadella ('90 MS Computer Science) and his wife Anu donated $2 million to the University of Wisconsin-Milwaukee in June to create the Fund for Diversity in Tech Education at UWM.
recipient,Valid,1,Steve Huffman,2/18/2025 Seed VC Valid $5.5M
recipient,Vanderbilt University Institute of National Security,1,William & Flora Hewlett Foundation,"The Vanderbilt University Institute of National Security has been awarded a $2.5 million, two-year grant from the William & Flora Hewlett Foundation to support the Institute's Wicked Problems Lab and "
recipient,Vast Data,1,Nvidia,"Nvidia-backed Vast Data raises $1 billion, triples valuation to $30 billion"
recipient,Vicarious,1,Khosla Ventures,"Vicarious, an artificial intelligence company, today announced a $50M Series C round of financing led by Khosla Ventures, a venture capital fund founded by Vinod Khosla, co-founder of Sun Microsystems"
recipient,Viktor Warlop and Oliver Zhang,1,AI Risk Mitigation Fund,"Viktor Warlop and Oliver Zhang ML Alignment & Theory Scholars Building research capacity Funding to run the second iteration of SERI MATS, an alignment research seminar and mentorship program $300,000"
recipient,Vipul Naik,1,Manifund,"$2,500raised $2,500minimum funding $2,500funding goal Fully funded and not currently accepting donations. This grant is retroactive funding for the work he's already done on the website."
recipient,Virtual AI Safety Unconference,1,Dawn Drescher,Virtual AI Safety Unconference | over 2 years ago | over 2 years ago | $50
recipient,Visiting Fellowship participants,1,Constellation Institute,A lightly-structured 3–6 month funded fellowship for full-time AI safety researchers to connect with the Constellation network and work from our Berkeley research center.
recipient,Wallace Community College-Dothan,1,Katie Britt,"Britt, as a member of the Senate Committee on Appropriations, secured $711,002 for Enterprise State Community College, and $679,054 for Wallace Community College-Dothan."
recipient,Wenbo Guo,1,FAR.AI,"Comprehensive Red-Teaming Framework Wenbo Guo, UC Santa Barbara"
recipient,"Wenbo Guo, UC Santa Barbara",1,FAR.AI,"Comprehensive Red-Teaming Framework - Wenbo Guo, UC Santa Barbara - Building automated testing systems for LLM alignment against both training-phase threats and testing-phase threats, with a focus on "
recipient,Wolfspeed,1,U.S. Department of Commerce,U.S. Senate Majority Leader Chuck Schumer today announced Wolfspeed has reached a $750 million preliminary memorandum of terms (PMT) funding agreement under the CHIPS & Science Law he led in writing a
recipient,Xianfeng David Gu,1,Google,"Stony Brook University's Department of Computer Science has received a significant boost to its research capabilities, thanks to a generous $100,000 unrestricted gift from Google. The award will suppo"
recipient,Yale faculty,1,Yale University,"Yale will commit more than $150 million over the next five years to support faculty, students, and staff as they engage with artificial intelligence (AI), the university announced today."
recipient,"Zito Media Communications II, LLC",1,NTIA,Total Award: $6136904
recipient,advocacy efforts,1,Alliance for a Better Future,ABF intends to spend at least eight figures this year in support of its advocacy efforts.
recipient,alignment research projects,1,UK AI Security Institute,Advancing research into solutions with in-house research and >£15 million in grant funding
recipient,broadband service providers and utility cooperatives,1,Office of the Governor of Indiana,Governor Eric J. Holcomb today announced an additional $81.5 million in the final round of the Next Level Connections Broadband Grant Program.
recipient,charities working in the poorest countries,1,Toby Ord,"Toby Ord, 31, has in the past year given more than a third of his earnings, £10,000, to charities working in the poorest countries."
recipient,"cities, towns, counties, Tribal governments and Metropolitan Planning Organizations",1,U.S. Department of Transportation,"The U.S. Department of Transportation (DOT) has opened the process for cities, towns, counties, Tribal governments and Metropolitan Planning Organizations (MPO) to apply for $1.256 billion in funding "
recipient,community organisers,1,CEA,A handfull of lower level community organisers who have told me in privet that their impression of CEA is that they are incompetent and/or unprofessional. But also that they have not spoken up about t
recipient,community organizations,1,Small Business Administration,"SBA offers grants to community organizations that promote entrepreneurship. These include those that support: veteran-owned small businesses, service-disabled veteran-owned businesses, Small Business "
recipient,early-career journalists,1,Tarbell Center for AI Journalism,"Tarbell Fellowship– A 12-month program providing early-career journalists with AI training, a stipend of up to $70,000, and a 9-month placement at a major newsroom"
recipient,eligible organizations,1,Bureau of Cyberspace and Digital Policy,"The U.S. Department of State, Bureau of Cyberspace and Digital Policy (CDP) announces an open competition for organizations with the capacity and interest to carry out the project outlined in this ann"
recipient,faith-based groups and others,1,Department of Homeland Security,"This includes $454.5 million in funding for the Nonprofit Security Grant Program, an increase of $149.5 million from FY 2023, which will provide critical funding for faith-based groups and others to p"
recipient,fal,1,Sequoia Capital,"fal, the real-time generative-media platform powering the next decade of AI-driven content, today announced a $140 million Series D financing. The round is led by Sequoia, with significant participati"
recipient,"founders building AI with intention, care, and a long-term view",1,Igor Babuschkin,"I back founders who believe technology should serve humanity—not the other way around. People building AI with intention, care, and a long-term view."
recipient,interdisciplinary teams,1,Stanford HAI,Thirty-two interdisciplinary teams will receive $
recipient,"interdisciplinary teams from DOE National Laboratories, U.S. industry, and academia",1,Department of Energy,The U.S. Department of Energy (DOE) today announced funding to advance the Genesis Mission's efforts to tackle the nation's most complex science and technology challenges. This includes a $293 million
recipient,journalists,1,Tarbell Center for AI Journalism,"Tarbell offers grants of $1,000–$20,000 to support original reporting published in established outlets, whether from freelancers or staff."
recipient,"nonprofits, Resource Partners, and educational organizations",1,Small Business Administration,"SBA provides grants to nonprofits, Resource Partners, and educational organizations. These grants aim to support entrepreneurship through counseling and training programs."
recipient,open-source AI projects,1,AI Grant,"Daniel Gross is the Founder of AI Grant, a grant program that provides $5,000 - $50,000 checks for open-source AI projects."
recipient,proof-of-concept projects with local authorities,1,University of Cambridge,"The University of Cambridge has launched a new Local Government AI Accelerator, offering grants of up to £25,000 for proof-of-concept projects that develop AI solutions in partnership with local autho"
recipient,quantum and nanotechnology research sites,1,U.S. National Science Foundation,"The U.S. National Science Foundation is investing up to $100 million to establish a nationwide network of open-access research facilities for quantum and nanoscale technologies, innovation, and workfo"
recipient,research teams,1,DARPA,Awards reach up to $2 million per team.
recipient,seed grant recipients across Tulane University,1,Center for Community-Engaged Artificial Intelligence,"CEAI leads cross-disciplinary scientific research, facilitates project-based learning experiences, conducts extensive community outreach, hosts workshops and symposiums, and awards seed grants to supp"
recipient,semiconductor research projects,1,U.S. National Science Foundation,"Today, the U.S. National Science Foundation, in partnership with Ericsson, Intel Corporation, Micron Technology and Samsung, announced $42.4 million in grants for its Future of Semiconductors (NSF FuS"
recipient,seven organizations,1,Carnegie Corporation of New York,"The philanthropic foundation Carnegie Corporation of New York announced today that seven organizations will each receive grants of between $300,000 and $500,000 for work aimed at reducing the modern r"
recipient,"small and medium-sized manufacturers and their National Laboratory, university, and non-profit partners",1,Department of Energy,"The Department of Energy (DOE) has announced that over $10 million is available for the High-Performance Computing for Manufacturing (HPC4Mfg) program, part of the High Performance Computing for Energ"
recipient,small manufacturers,1,Small Business Administration,SBA provides grants to help empower small manufacturers as part of the Made in America Manufacturing Initiative.
recipient,state and local entities,1,Department of Homeland Security,"Today, the Department of Homeland Security announced the availability of $279.9 million in grant funding for the Fiscal Year (FY) 2024 State and Local Cybersecurity Grant Program"
recipient,state and territory governments,1,Small Business Administration,SBA's State Trade Expansion Program (STEP) helps businesses that want to export. STEP provides financial awards to state and territory governments.
recipient,"state, local, and territorial prosecuting agencies",1,Department of Justice,The Justice Department today announced the availability of $300 million in funding to prevent and prosecute fraud and other crimes nationwide. The new Special Attorneys Program notice of funding oppor
recipient,states and territories and local and Tribal communities,1,Department of Justice,The Justice Department announced today that it is awarding $4 billion to support public safety and community justice activities in the states and territories and in local and Tribal communities. The g
recipient,xLight,1,U.S. Department of Commerce,"xLight, the American company building the world's most powerful lasers, today announced it has signed a Letter of Intent (LOI) with the U.S. Department of Commerce for $150 million in proposed federal"
recipient,10 AI safety projects,1,Foresight Institute,"Since the launch of the grant program in August 2023, we have funded 10 projects to a total of $440K."
recipient,12 Tech Hubs,1,U.S. Department of Commerce,The Department of Commerce's Economic Development Administration has awarded implementation grants with a total value of around $504 million to 12 Tech Hubs.
recipient,12 projects for industrial catalyst development,1,Department of Energy,The U.S. Department of Energy's Advanced Research Projects Agency-Energy (ARPA-E) has awarded $34 million to 12 projects aimed at accelerating industrial catalyst development by combining AI with self
recipient,12 public universities and North Carolina's Area Health Education Centers,1,University of North Carolina System,The University of North Carolina System has awarded nearly $29 million to expand nursing education at 12 public universities and North Carolina's Area Health Education Centers.
recipient,13 organizations and institutions,1,Cognizant Foundation,Today the Cognizant Foundation announced $6.3 million in grants to 13 organizations and institutions to support the advancement of underserved and underrepresented groups in fields such as technology 
recipient,143 researchers from 87 institutions,1,Google,"In this first cycle, the program will support 95 projects led by 143 researchers. These researchers represent 87 institutions spanning 24 countries... Each recipient receives up to $150,000 USD in fun"
recipient,15 regions representing all 92 counties,1,Office of the Governor of Indiana,Governor Eric J. Holcomb announced plans to award $500 million to 15 regions representing all 92 counties to support quality of place and quality of life initiatives statewide.
recipient,19 teams,1,DARPA,"DARPA is funding 19 teams through its new Heterogeneous Architectures for Quantum (HARQ) program, marking a substantial investment in a departure from conventional quantum computing development."
recipient,2077AI Open Source Foundation,1,PublicAI,"PublicAI, a global leader in human-verified data infrastructure, announced today a $10.24 million strategic partnership with Abaka AI to co-launch Project EVA, a global AI evaluation challenge organiz"
recipient,37 AI startups,1,Jeff Dean,"Jeff Dean, who co-founded Google Brain and leads Google's AI research, has emerged as a prolific angel investor, backing 37 AI startups over the past two years"
recipient,37 startups across California,1,State of California,"Today, Governor Newsom announced more than $2 million in funding for 37 startups across California. Through the California's Office of the Small Business Advocate's (CalOSBA) Innovation Grant Awards, "
recipient,375ai,1,Delphi Ventures,"It raised $5 million in a round led by Delphi Ventures, Strobe Ventures and HackVC."
recipient,39 separate affiliates and organizations,1,American Federation of Teachers,"American Federation of Teachers President Randi Weingarten announced the union's second round of Powerful Partnerships Institute funding today, with $1 million going to 39 separate affiliates and orga"
recipient,46 educator-led teams,1,U.S. National Science Foundation,"The U.S. National Science Foundation directorates for Technology, Innovation and Partnerships (NSF TIP) and STEM Education (NSF EDU), together with the Micron Foundation, announced an investment durin"
recipient,47 teams of U.S. citizen exchange alumni,1,U.S. Department of State,The U.S. Department of State announced today that 47 teams of U.S. citizen exchange alumni were awarded grants for public service projects based in 22 countries and territories through the Citizen Dip
recipient,610 institutions and their contract research labs,1,Institute for Information & Communications Technology Planning & Evaluation,"According to the IITP, it has selected a total of 610 institutions and their contract research labs to carry out projects worth 164.3 billion won ($114.57 million)."
recipient,ACX Grants participants,1,Scott Alexander,"ACX Grants proper will involve $250,000 of my own money, but I'm hoping to supplement with much more of other people's money, amount to be determined."
recipient,ACX Grants program participants,1,Scott Alexander,"I plan to contribute $200K. I expect (but cannot guarantee) an additional $800K from other donors, for a total of about $1 million."
recipient,AFT Innovation Fund recipients,1,American Federation of Teachers,"$700,000 through the AFT Innovation Fund to help schools fund wraparound services and hands-on learning, and to address systemic challenges like teacher shortages."
recipient,AI Accountability Lab,1,MacArthur Foundation,"Luminate is proud, together with the AI Collaborative and MacArthur Foundation, to be seed-funding the groundbreaking AI Accountability Lab with overall grant funding of nearly $1.5 million."
recipient,AI Alignment Research at Hadfield-Menell's Lab at MIT,1,Founders Pledge,AI Alignment Research at Hadfield-Menell's Lab at MIT
recipient,AI Policy Fellowship participants,1,Institute for AI Policy and Strategy (IAPS),"Senior Fellows will receive $22,000 and Fellows will receive $15,000 as a stipend to work full-time during the 3-month program."
recipient,AI Safety Fellows,1,Anthropic,"The four-month program provides a weekly stipend of $3,850, approximately $15,000 per month in compute credits, and direct mentorship from Anthropic's research team."
recipient,AI Safety Fellows program participants,1,Anthropic,"The four-month program provides a weekly stipend of $3,850, approximately $15,000 per month in compute credits, and direct mentorship from Anthropic's research team."
recipient,AI Safety Poland,1,BlueDot Impact,"AI Safety Poland received $4,800 to organize meetups across the country, covering venue and tooling costs, and building a national community from scratch."
recipient,AI Safety Retraining Program participants,1,MIRI,"I manage the AI Safety Retraining Program, in which MIRI gives grants to people to study ML for three months with the goal of making it easier for them to transition into working on AI safety."
recipient,AI governance programs globally,1,U.S. Department of State,"The U.S. Department of State plans to also provide an additional $23 million in funding, working with Congress, to promote the responsible use and governance of AI globally, among other objectives, to"
recipient,AI researchers,1,Eric Schmidt,"Eric Schmidt, the former CEO of Google, is planning to invest $125 million into artificial intelligence research through his philanthropic Schmidt Futures venture."
recipient,AI resilience projects,1,OpenAI Foundation,">$25 billion is about to flow into AI resilience and AI-for-science from the OpenAI Foundation, the Chan Zuckerberg Initiative, and other major funders."
recipient,AI safety researchers,1,BlueDot Impact,"Grants of up to $10k for work on AI safety research, fieldbuilding, talent acceleration, etc. Applicants must have participated in/facilitated a BlueDot course."
recipient,AI safety whistleblowers,1,Legal Advocates for Safe Science and Technology,"We provide grants to cover legal expenses related to AI safety whistleblowing, prioritizing cases about the safety of frontier AI systems, along with pro bono legal advice and help finding other suppo"
recipient,AI startups,1,IBM,IBM (NYSE: IBM) today announced that it is launching a $500 million venture fund to invest in a range of AI companies - from early-stage to hyper-growth startups - focused on accelerating generative A
recipient,AI talent,1,Meta,How Meta's $100M offers reveal the true market price of top AI talent
